artist_name,album_title,track,length_seconds,size_bytes,genre,release_year
AC/DC,For Those About To Rock We Salute You,Breaking The Rules,263,8596840,Rock,1981
AC/DC,For Those About To Rock We Salute You,C.O.D.,199,6566314,Rock,1981
AC/DC,For Those About To Rock We Salute You,Evil Walks,263,8611245,Rock,1981
AC/DC,For Those About To Rock We Salute You,For Those About To Rock (We Salute You),343,11170334,Rock,1981
AC/DC,For Those About To Rock We Salute You,Inject The Venom,210,6852860,Rock,1981
AC/DC,For Those About To Rock We Salute You,Let's Get It Up,233,7636561,Rock,1981
AC/DC,For Those About To Rock We Salute You,Night Of The Long Knives,205,6706347,Rock,1981
AC/DC,For Those About To Rock We Salute You,Put The Finger On You,205,6713451,Rock,1981
AC/DC,For Those About To Rock We Salute You,Snowballed,203,6599424,Rock,1981
AC/DC,For Those About To Rock We Salute You,Spellbound,270,8817038,Rock,1981
AC/DC,Let There Be Rock,Bad Boy Boogie,267,8776140,Rock,1977
AC/DC,Let There Be Rock,Dog Eat Dog,215,7032162,Rock,1977
AC/DC,Let There Be Rock,Go Down,331,10847611,Rock,1977
AC/DC,Let There Be Rock,Hell Ain't A Bad Place To Be,254,8331286,Rock,1977
AC/DC,Let There Be Rock,Let There Be Rock,366,12021261,Rock,1977
AC/DC,Let There Be Rock,Overdose,369,12066294,Rock,1977
AC/DC,Let There Be Rock,Problem Child,325,10617116,Rock,1977
AC/DC,Let There Be Rock,Whole Lotta Rosie,323,10547154,Rock,1977
Accept,Balls to the Wall,Balls to the Wall,342,5510424,Rock,1984
Accept,Restless and Wild,Fast As a Shark,230,3990994,Rock,1982
Accept,Restless and Wild,Princess of the Dawn,375,6290521,Rock,1982
Accept,Restless and Wild,Restless and Wild,252,4331779,Rock,1982
Aerosmith,Big Ones,Amazing,356,11616195,Rock,1994
Aerosmith,Big Ones,Angel,307,9989331,Rock,1994
Aerosmith,Big Ones,Blind Man,240,7877453,Rock,1994
Aerosmith,Big Ones,Crazy,316,10402398,Rock,1994
Aerosmith,Big Ones,Cryin',309,10056995,Rock,1994
Aerosmith,Big Ones,Deuces Are Wild,215,7074167,Rock,1994
Aerosmith,Big Ones,Dude (Looks Like A Lady),264,8679940,Rock,1994
Aerosmith,Big Ones,Eat The Rich,251,8262039,Rock,1994
Aerosmith,Big Ones,Janie's Got A Gun,330,10869391,Rock,1994
Aerosmith,Big Ones,Livin' On The Edge,381,12374569,Rock,1994
Aerosmith,Big Ones,Love In An Elevator,321,10552051,Rock,1994
Aerosmith,Big Ones,Rag Doll,264,8675345,Rock,1994
Aerosmith,Big Ones,The Other Side,244,7983270,Rock,1994
Aerosmith,Big Ones,Walk On Water,295,9719579,Rock,1994
Aerosmith,Big Ones,What It Takes,310,10144730,Rock,1994
Alanis Morissette,Jagged Little Pill,All I Really Want,284,9375567,Rock,1995
Alanis Morissette,Jagged Little Pill,Forgiven,300,9753256,Rock,1995
Alanis Morissette,Jagged Little Pill,Hand In My Pocket,221,7224246,Rock,1995
Alanis Morissette,Jagged Little Pill,Head Over Feet,267,8758008,Rock,1995
Alanis Morissette,Jagged Little Pill,Ironic,229,7598866,Rock,1995
Alanis Morissette,Jagged Little Pill,Mary Jane,280,9163588,Rock,1995
Alanis Morissette,Jagged Little Pill,Not The Doctor,227,7604601,Rock,1995
Alanis Morissette,Jagged Little Pill,Perfect,188,6145404,Rock,1995
Alanis Morissette,Jagged Little Pill,Right Through You,176,5793082,Rock,1995
Alanis Morissette,Jagged Little Pill,Wake Up,293,9703359,Rock,1995
Alanis Morissette,Jagged Little Pill,You Learn,239,7824837,Rock,1995
Alanis Morissette,Jagged Little Pill,You Oughta Know,249,8196916,Rock,1995
Alanis Morissette,Jagged Little Pill,You Oughta Know (Alternate),491,16008629,Rock,1995
Alice In Chains,Facelift,Bleed The Freak,241,7847716,Rock,2011
Alice In Chains,Facelift,Confusion,344,11183647,Rock,2011
Alice In Chains,Facelift,I Can't Remember,222,7302550,Rock,2011
Alice In Chains,Facelift,I Know Somethin (Bout You),261,8497788,Rock,2011
Alice In Chains,Facelift,It Ain't Like That,277,8993793,Rock,2011
Alice In Chains,Facelift,Man In The Box,286,9310272,Rock,2011
Alice In Chains,Facelift,Put You Down,196,6420530,Rock,2011
Alice In Chains,Facelift,Real Thing,243,7937731,Rock,2011
Alice In Chains,Facelift,Sea Of Sorrow,349,11316328,Rock,2011
Alice In Chains,Facelift,Sunshine,284,9216057,Rock,2011
Alice In Chains,Facelift,We Die Young,152,4925362,Rock,2011
Amy Winehouse,Back to Black,Back to Black,240,3852953,R&B/Soul,2006
Amy Winehouse,Back to Black,He Can Only Hold Her,166,2666531,R&B/Soul,2006
Amy Winehouse,Back to Black,Just Friends,191,3098906,R&B/Soul,2006
Amy Winehouse,Back to Black,Love Is a Losing Game,154,2509409,R&B/Soul,2006
Amy Winehouse,Back to Black,Me & Mr. Jones,151,2449438,R&B/Soul,2006
Amy Winehouse,Back to Black,Rehab,213,3416878,R&B/Soul,2006
Amy Winehouse,Back to Black,Rehab (Hot Chip Remix),418,6670600,R&B/Soul,2006
Amy Winehouse,Back to Black,Some Unholy War,141,2304465,R&B/Soul,2006
Amy Winehouse,Back to Black,Tears Dry On Their Own,185,2996598,R&B/Soul,2006
Amy Winehouse,Back to Black,Wake Up Alone,221,3576773,R&B/Soul,2006
Amy Winehouse,Back to Black,You Know I'm No Good,256,4133694,R&B/Soul,2006
Amy Winehouse,Back to Black,You Know I'm No Good (feat. Ghostface Killah),202,3260658,R&B/Soul,2006
Antônio Carlos Jobim,Warner 25 Anos,Angela,169,5574957,Jazz,1968
Antônio Carlos Jobim,Warner 25 Anos,Corcovado (Quiet Nights Of Quiet Stars),205,6687994,Jazz,1968
Antônio Carlos Jobim,Warner 25 Anos,Desafinado,185,5990473,Jazz,1968
Antônio Carlos Jobim,Warner 25 Anos,Dindi (Dindi),253,8149148,Jazz,1968
Antônio Carlos Jobim,Warner 25 Anos,Falando De Amor,219,7121735,Jazz,1968
Antônio Carlos Jobim,Warner 25 Anos,Fotografia,129,4198774,Jazz,1968
Antônio Carlos Jobim,Warner 25 Anos,Garota De Ipanema,285,9348428,Jazz,1968
Antônio Carlos Jobim,Warner 25 Anos,Ligia,251,8226934,Jazz,1968
Antônio Carlos Jobim,Warner 25 Anos,O Boto (Bôto),366,12089673,Jazz,1968
Antônio Carlos Jobim,Warner 25 Anos,Outra Vez,126,4110053,Jazz,1968
Antônio Carlos Jobim,Warner 25 Anos,Por Causa De Você,169,5536496,Jazz,1968
Antônio Carlos Jobim,Warner 25 Anos,Samba De Uma Nota Só (One Note Samba),137,4535401,Jazz,1968
Antônio Carlos Jobim,Warner 25 Anos,Se Todos Fossem Iguais A Você (Instrumental),134,4393377,Jazz,1968
Apocalyptica,Plays Metallica By Four Cellos,Creeping Death,308,10110980,Metal,1995
Apocalyptica,Plays Metallica By Four Cellos,Enter Sandman,221,7286305,Metal,1995
Apocalyptica,Plays Metallica By Four Cellos,Harvester Of Sorrow,374,12372536,Metal,1995
Apocalyptica,Plays Metallica By Four Cellos,Master Of Puppets,436,14375310,Metal,1995
Apocalyptica,Plays Metallica By Four Cellos,Sad But True,288,9405526,Metal,1995
Apocalyptica,Plays Metallica By Four Cellos,The Unforgiven,322,10422447,Metal,1995
Apocalyptica,Plays Metallica By Four Cellos,Welcome Home (Sanitarium),350,11406431,Metal,1995
Apocalyptica,Plays Metallica By Four Cellos,Wherever I May Roam,369,12033110,Metal,1995
Audioslave,Audioslave,Bring'em Back Alive,329,7911634,Rock,2007
Audioslave,Audioslave,Cochise,222,5339931,Rock,2007
Audioslave,Audioslave,Exploder,206,4948095,Rock,2007
Audioslave,Audioslave,Gasoline,279,6709793,Rock,2007
Audioslave,Audioslave,Getaway Car,299,7193162,Rock,2007
Audioslave,Audioslave,Hypnotize,206,4961887,Rock,2007
Audioslave,Audioslave,I am the Highway,334,8041411,Rock,2007
Audioslave,Audioslave,Light My Way,303,7289084,Rock,2007
Audioslave,Audioslave,Like a Stone,294,7059624,Rock,2007
Audioslave,Audioslave,Set It Off,263,6321091,Rock,2007
Audioslave,Audioslave,Shadow on the Sun,343,8245793,Rock,2007
Audioslave,Audioslave,Show Me How to Live,277,6672176,Rock,2007
Audioslave,Audioslave,The Last Remaining Light,317,7622615,Rock,2007
Audioslave,Audioslave,What You Are,249,5988186,Rock,2007
Audioslave,Out Of Exile,#1 Zero,299,9731988,Alternative & Punk,2005
Audioslave,Out Of Exile,Be Yourself,279,9106160,Alternative & Punk,2005
Audioslave,Out Of Exile,Dandelion,278,9003592,Alternative & Punk,2005
Audioslave,Out Of Exile,Doesn't Remind Me,255,8357387,Alternative & Punk,2005
Audioslave,Out Of Exile,Drown Me Slowly,233,7609178,Alternative & Punk,2005
Audioslave,Out Of Exile,Heaven's Dead,276,9006158,Alternative & Punk,2005
Audioslave,Out Of Exile,Man Or Animal,233,7542942,Alternative & Punk,2005
Audioslave,Out Of Exile,Out Of Exile,291,9506571,Alternative & Punk,2005
Audioslave,Out Of Exile,The Curse,309,10029406,Alternative & Punk,2005
Audioslave,Out Of Exile,The Worm,237,7710800,Alternative & Punk,2005
Audioslave,Out Of Exile,Yesterday To Tomorrow,273,8944205,Alternative & Punk,2005
Audioslave,Out Of Exile,Your Time Has Come,255,8273592,Alternative & Punk,2005
Black Label Society,Alcohol Fueled Brewtality Live! [Disc 1],13 Years Of Grief,246,8137421,Metal,2000
Black Label Society,Alcohol Fueled Brewtality Live! [Disc 1],A.N.D.R.O.T.A.Z.,266,8574746,Metal,2000
Black Label Society,Alcohol Fueled Brewtality Live! [Disc 1],All For You,235,7726948,Metal,2000
Black Label Society,Alcohol Fueled Brewtality Live! [Disc 1],Bored To Tears,247,8130090,Metal,2000
Black Label Society,Alcohol Fueled Brewtality Live! [Disc 1],Born To Booze,282,9257358,Metal,2000
Black Label Society,Alcohol Fueled Brewtality Live! [Disc 1],Intro/ Low Down,323,10642901,Metal,2000
Black Label Society,Alcohol Fueled Brewtality Live! [Disc 1],Lost My Better Half,284,9355309,Metal,2000
Black Label Society,Alcohol Fueled Brewtality Live! [Disc 1],No More Tears,555,18041629,Metal,2000
Black Label Society,Alcohol Fueled Brewtality Live! [Disc 1],Phoney Smile Fake Hellos,273,9011701,Metal,2000
Black Label Society,Alcohol Fueled Brewtality Live! [Disc 1],Stronger Than Death,300,9869647,Metal,2000
Black Label Society,Alcohol Fueled Brewtality Live! [Disc 1],Super Terrorizer,319,10513905,Metal,2000
Black Label Society,Alcohol Fueled Brewtality Live! [Disc 1],The Begining... At Last,365,11965109,Metal,2000
Black Label Society,Alcohol Fueled Brewtality Live! [Disc 1],World Of Trouble,359,11820932,Metal,2000
Black Label Society,Alcohol Fueled Brewtality Live! [Disc 2],Blood In The Wall,284,9359475,Metal,2000
Black Label Society,Alcohol Fueled Brewtality Live! [Disc 2],Heart Of Gold,194,6417460,Metal,2000
Black Label Society,Alcohol Fueled Brewtality Live! [Disc 2],Like A Bird,276,9115657,Metal,2000
Black Label Society,Alcohol Fueled Brewtality Live! [Disc 2],Snowblind,420,13842549,Metal,2000
Black Label Society,Alcohol Fueled Brewtality Live! [Disc 2],The Beginning...At Last,271,8975814,Metal,2000
Black Sabbath,Black Sabbath,Behind The Wall Of Sleep,217,7169049,Metal,1968
Black Sabbath,Black Sabbath,Black Sabbath,382,12440200,Metal,1968
Black Sabbath,Black Sabbath,Evil Woman,204,6655170,Metal,1968
Black Sabbath,Black Sabbath,N.I.B.,368,12029390,Metal,1968
Black Sabbath,Black Sabbath,Sleeping Village,644,21128525,Metal,1968
Black Sabbath,Black Sabbath,The Wizard,264,8646737,Metal,1968
Black Sabbath,Black Sabbath,Warning,212,6893363,Metal,1968
Chico Buarque,Minha Historia,A Banda,132,4349539,Latin,2008
Chico Buarque,Minha Historia,Apesar De Você,234,7886937,Latin,2008
Chico Buarque,Minha Historia,Atras Da Porta,189,6132843,Latin,2008
Chico Buarque,Minha Historia,Brejo Da Cruz,214,7270749,Latin,2008
Chico Buarque,Minha Historia,Carolina,163,5375395,Latin,2008
Chico Buarque,Minha Historia,Com Açúcar E Com Afeto,175,5846442,Latin,2008
Chico Buarque,Minha Historia,Construção / Deus Lhe Pague,383,12675305,Latin,2008
Chico Buarque,Minha Historia,Essa Moça Ta Diferente,167,5568574,Latin,2008
Chico Buarque,Minha Historia,Fora Da Ordem,354,11746781,Latin,2008
Chico Buarque,Minha Historia,Geni E O Zepelim,317,10342226,Latin,2008
Chico Buarque,Minha Historia,Gota D'água,153,5074189,Latin,2008
Chico Buarque,Minha Historia,Meia-Lua Inteira,222,7466288,Latin,2008
Chico Buarque,Minha Historia,Menino Do Rio,147,4862277,Latin,2008
Chico Buarque,Minha Historia,Meu Caro Amigo,260,8778172,Latin,2008
Chico Buarque,Minha Historia,Minha Historia,182,6029673,Latin,2008
Chico Buarque,Minha Historia,Morena De Angola,186,6373932,Latin,2008
Chico Buarque,Minha Historia,O Estrangeiro,374,12472890,Latin,2008
Chico Buarque,Minha Historia,O Leaozinho,184,6098150,Latin,2008
Chico Buarque,Minha Historia,O Que Será (À Flor Da Terra),167,5574848,Latin,2008
Chico Buarque,Minha Historia,Podres Poderes,259,8622495,Latin,2008
Chico Buarque,Minha Historia,Qualquer Coisa,193,6372433,Latin,2008
Chico Buarque,Minha Historia,Queixa,299,9953962,Latin,2008
Chico Buarque,Minha Historia,Samba De Orly,162,5431854,Latin,2008
Chico Buarque,Minha Historia,Sampa,185,6151831,Latin,2008
Chico Buarque,Minha Historia,Tatuagem,172,5645703,Latin,2008
Chico Buarque,Minha Historia,Terra,401,13224055,Latin,2008
Chico Buarque,Minha Historia,Trocando Em Miúdos,169,5461468,Latin,2008
Chico Buarque,Minha Historia,Um Indio,195,6453213,Latin,2008
Chico Buarque,Minha Historia,Vai Passar,369,12359161,Latin,2008
Chico Buarque,Minha Historia,Vai Trabalhar Vagabundo,139,4693941,Latin,2008
Chico Buarque,Minha Historia,Voce Nao Entende Nada - Cotidiano,421,13885612,Latin,2008
Chico Buarque,Minha Historia,Voce e Linda,242,8050268,Latin,2008
Chico Science & Nação Zumbi,Afrociberdelia,Amor De Muito,175,5881293,Latin,1994
Chico Science & Nação Zumbi,Afrociberdelia,Baião Ambiental [Instrumental],152,5198539,Latin,1994
Chico Science & Nação Zumbi,Afrociberdelia,Corpo De Lama,232,7714954,Latin,1994
Chico Science & Nação Zumbi,Afrociberdelia,Criança De Domingo,208,6984813,Latin,1994
Chico Science & Nação Zumbi,Afrociberdelia,Enquanto O Mundo Explode,88,2968650,Latin,1994
Chico Science & Nação Zumbi,Afrociberdelia,Etnia,152,5061413,Latin,1994
Chico Science & Nação Zumbi,Afrociberdelia,Interlude Zumbi,71,2408550,Latin,1994
Chico Science & Nação Zumbi,Afrociberdelia,Macô,249,8253934,Latin,1994
Chico Science & Nação Zumbi,Afrociberdelia,Manguetown,194,6475159,Latin,1994
Chico Science & Nação Zumbi,Afrociberdelia,Maracatu Atômico,284,9670057,Latin,1994
Chico Science & Nação Zumbi,Afrociberdelia,Maracatu Atômico [Atomic Version],273,9019677,Latin,1994
Chico Science & Nação Zumbi,Afrociberdelia,Maracatu Atômico [Ragga Mix],210,6986421,Latin,1994
Chico Science & Nação Zumbi,Afrociberdelia,Maracatu Atômico [Trip Hop],221,7380787,Latin,1994
Chico Science & Nação Zumbi,Afrociberdelia,Mateus Enter,33,1103013,Latin,1994
Chico Science & Nação Zumbi,Afrociberdelia,O Cidadão Do Mundo,200,6724966,Latin,1994
Chico Science & Nação Zumbi,Afrociberdelia,O Encontro De Isaac Asimov Com Santos Dumont No Céu,99,3240816,Latin,1994
Chico Science & Nação Zumbi,Afrociberdelia,Quilombo Groove [Instrumental],151,5042447,Latin,1994
Chico Science & Nação Zumbi,Afrociberdelia,Samba Do Lado,227,7541688,Latin,1994
Chico Science & Nação Zumbi,Afrociberdelia,Samidarish [Instrumental],272,8911641,Latin,1994
Chico Science & Nação Zumbi,Afrociberdelia,Sangue De Bairro,132,4415557,Latin,1994
Chico Science & Nação Zumbi,Afrociberdelia,Sobremesa,240,7960868,Latin,1994
Chico Science & Nação Zumbi,Afrociberdelia,Um Passeio No Mundo Livre,240,7984291,Latin,1994
Chico Science & Nação Zumbi,Afrociberdelia,Um Satélite Na Cabeça,126,4272821,Latin,1994
Cidade Negra,Cidade Negra - Hits,A Cor Do Sol,273,9142937,Reggae,1986
Cidade Negra,Cidade Negra - Hits,A Estrada,282,9344477,Reggae,1986
Cidade Negra,Cidade Negra - Hits,A Sombra Da Maldade,285,9544383,Reggae,1986
Cidade Negra,Cidade Negra - Hits,Doutor,178,5950952,Reggae,1986
Cidade Negra,Cidade Negra - Hits,Downtown,239,8024386,Reggae,1986
Cidade Negra,Cidade Negra - Hits,Eu Também Quero Beijar,211,7029400,Reggae,1986
Cidade Negra,Cidade Negra - Hits,Falar A Verdade,244,8189093,Reggae,1986
Cidade Negra,Cidade Negra - Hits,Firmamento,225,7507866,Reggae,1986
Cidade Negra,Cidade Negra - Hits,Na Frente Da TV,289,9633659,Reggae,1986
Cidade Negra,Cidade Negra - Hits,O Erê,206,6950332,Reggae,1986
Cidade Negra,Cidade Negra - Hits,Onde Você Mora?,298,10056970,Reggae,1986
Cidade Negra,Cidade Negra - Hits,Pensamento,192,6399761,Reggae,1986
Cidade Negra,Cidade Negra - Hits,Realidade Virtual,240,8069934,Reggae,1986
Cidade Negra,Cidade Negra - Hits,Sábado A Noite,267,8895073,Reggae,1986
Cláudio Zoli,Na Pista,Amor Demais,254,8420093,Latin,2014
Cláudio Zoli,Na Pista,Cada Um Cada Um (A Namoradeira),253,8441034,Latin,2014
Cláudio Zoli,Na Pista,Felicidade Urgente,266,8873358,Latin,2014
Cláudio Zoli,Na Pista,Flor Do Futuro,275,9205941,Latin,2014
Cláudio Zoli,Na Pista,Férias,264,8731945,Latin,2014
Cláudio Zoli,Na Pista,Gostava Tanto De Você,230,7685326,Latin,2014
Cláudio Zoli,Na Pista,Linha Do Equador,244,8123466,Latin,2014
Cláudio Zoli,Na Pista,Livre Pra Viver,214,7111596,Latin,2014
Cláudio Zoli,Na Pista,Noite Do Prazer,311,10309980,Latin,2014
Cláudio Zoli,Na Pista,À Francesa,244,8150846,Latin,2014
Deep Purple,Deep Purple In Rock,Bloodsucker,256,8344405,Rock,1969
Deep Purple,Deep Purple In Rock,Child In Time,620,20230089,Rock,1969
Deep Purple,Deep Purple In Rock,Flight Of The Rat,478,15563967,Rock,1969
Deep Purple,Deep Purple In Rock,Hard Lovin' Man,431,13931179,Rock,1969
Deep Purple,Deep Purple In Rock,Into The Fire,210,6849310,Rock,1969
Deep Purple,Deep Purple In Rock,Living Wreck,274,8993056,Rock,1969
Deep Purple,Deep Purple In Rock,Speed King,264,8587578,Rock,1969
Deep Purple,MK III The Final Concerts [Disc 1],Burn,453,14775708,Rock,1975
Deep Purple,MK III The Final Concerts [Disc 1],Gypsy,339,11046952,Rock,1975
Deep Purple,MK III The Final Concerts [Disc 1],Lady Double Dealer,233,7608759,Rock,1975
Deep Purple,MK III The Final Concerts [Disc 1],Mistreated,758,24596235,Rock,1975
Deep Purple,MK III The Final Concerts [Disc 1],Smoke On The Water,618,20103125,Rock,1975
Deep Purple,MK III The Final Concerts [Disc 1],Stormbringer,277,9050022,Rock,1975
Deep Purple,MK III The Final Concerts [Disc 1],You Fool No One,804,26369966,Rock,1975
Deep Purple,Purpendicular,A Castle Full Of Rascals,311,10159566,Rock,1995
Deep Purple,Purpendicular,A Touch Away,276,9098561,Rock,1995
Deep Purple,Purpendicular,Cascades : I'm Not Your Lover,283,9209693,Rock,1995
Deep Purple,Purpendicular,Hey Cisco,354,11600029,Rock,1995
Deep Purple,Purpendicular,Loosen My Strings,359,11702232,Rock,1995
Deep Purple,Purpendicular,Rosa's Cantina,312,10323804,Rock,1995
Deep Purple,Purpendicular,Somebody Stole My Guitar,249,8180421,Rock,1995
Deep Purple,Purpendicular,Sometimes I Feel Like Screaming,451,14789410,Rock,1995
Deep Purple,Purpendicular,Soon Forgotten,287,9401383,Rock,1995
Deep Purple,Purpendicular,The Aviator,320,10532053,Rock,1995
Deep Purple,Purpendicular,The Purpendicular Waltz,283,9299131,Rock,1995
Deep Purple,Purpendicular,Vavoom : Ted The Mechanic,257,8510755,Rock,1995
Deep Purple,Slaves And Masters,Breakfast In Bed,317,10323804,Rock,1990
Deep Purple,Slaves And Masters,Fire In The Basement,283,9267550,Rock,1990
Deep Purple,Slaves And Masters,Fortuneteller,349,11369671,Rock,1990
Deep Purple,Slaves And Masters,King Of Dreams,328,10733847,Rock,1990
Deep Purple,Slaves And Masters,Love Conquers All,227,7328516,Rock,1990
Deep Purple,Slaves And Masters,The Cut Runs Deep,342,11191650,Rock,1990
Deep Purple,Slaves And Masters,Too Much Is Not Enough,257,8382800,Rock,1990
Deep Purple,Slaves And Masters,Truth Hurts,314,10224612,Rock,1990
Deep Purple,Slaves And Masters,Wicked Ways,393,12826582,Rock,1990
Deep Purple,Stormbringer,High Ball Shooter,267,8772471,Rock,1961
Deep Purple,Stormbringer,Hold On,306,10022428,Rock,1961
Deep Purple,Stormbringer,Holy Man,270,8818093,Rock,1961
Deep Purple,Stormbringer,Lady Double Dealer,201,6554330,Rock,1961
Deep Purple,Stormbringer,Love Don't Mean a Thing,263,8675026,Rock,1961
Deep Purple,Stormbringer,Soldier Of Fortune,193,6315321,Rock,1961
Deep Purple,Stormbringer,Stormbringer,246,8044864,Rock,1961
Deep Purple,Stormbringer,The Gypsy,242,7946614,Rock,1961
Deep Purple,Stormbringer,You Can't Do it Right (With the One You Love),203,6709579,Rock,1961
Deep Purple,The Battle Rages On,A Twist In The Tail,257,8413103,Rock,1992
Deep Purple,The Battle Rages On,Anya,392,12754921,Rock,1992
Deep Purple,The Battle Rages On,Lick It Up,240,7792604,Rock,1992
Deep Purple,The Battle Rages On,Nasty Piece Of Work,276,9076997,Rock,1992
Deep Purple,The Battle Rages On,One Man's Meat,278,9068960,Rock,1992
Deep Purple,The Battle Rages On,Ramshackle Man,334,10874679,Rock,1992
Deep Purple,The Battle Rages On,Solitaire,282,9157021,Rock,1992
Deep Purple,The Battle Rages On,Talk About Love,247,8072171,Rock,1992
Deep Purple,The Battle Rages On,The Battle Rages On,356,11626228,Rock,1992
Deep Purple,The Battle Rages On,Time To Kill,351,11354742,Rock,1992
Deep Purple,The Final Concerts (Disc 2),Going Down / Highway Star,913,29846063,Rock,2006
Deep Purple,The Final Concerts (Disc 2),Mistreated (Alternate Version),854,27775442,Rock,2006
Deep Purple,The Final Concerts (Disc 2),Space Truckin',1196,39267613,Rock,2006
Deep Purple,The Final Concerts (Disc 2),You Fool No One (Alternate Version),763,24887209,Rock,2006
Def Leppard,Vault: Def Leppard's Greatest Hits,Action,220,7130830,Rock,1995
Def Leppard,Vault: Def Leppard's Greatest Hits,Animal,244,7985133,Rock,1995
Def Leppard,Vault: Def Leppard's Greatest Hits,Armageddon It,322,10522352,Rock,1995
Def Leppard,Vault: Def Leppard's Greatest Hits,Bringin' On The Heartbreak,272,8853324,Rock,1995
Def Leppard,Vault: Def Leppard's Greatest Hits,Have You Ever Needed Someone So Bad,319,10400020,Rock,1995
Def Leppard,Vault: Def Leppard's Greatest Hits,Heaven Is,214,6988128,Rock,1995
Def Leppard,Vault: Def Leppard's Greatest Hits,Hysteria,355,11622738,Rock,1995
Def Leppard,Vault: Def Leppard's Greatest Hits,Let's Get Rocked,296,9724150,Rock,1995
Def Leppard,Vault: Def Leppard's Greatest Hits,Love Bites,346,11305791,Rock,1995
Def Leppard,Vault: Def Leppard's Greatest Hits,Make Love Like A Man,255,8309725,Rock,1995
Def Leppard,Vault: Def Leppard's Greatest Hits,Photograph,248,8108507,Rock,1995
Def Leppard,Vault: Def Leppard's Greatest Hits,Pour Some Sugar On Me,292,9518842,Rock,1995
Def Leppard,Vault: Def Leppard's Greatest Hits,Rock Of Ages,248,8150318,Rock,1995
Def Leppard,Vault: Def Leppard's Greatest Hits,Rocket,247,8092463,Rock,1995
Def Leppard,Vault: Def Leppard's Greatest Hits,Two Steps Behind [Acoustic Version],259,8523388,Rock,1995
Def Leppard,Vault: Def Leppard's Greatest Hits,When Love & Hate Collide,257,8364633,Rock,1995
Ed Motta,The Best of Ed Motta,A Rua,238,7930264,Latin,1980
Ed Motta,The Best of Ed Motta,Agora Que O Dia Acordou,323,10572752,Latin,1980
Ed Motta,The Best of Ed Motta,Baixo Rio,198,6521676,Latin,1980
Ed Motta,The Best of Ed Motta,Do You Have Other Loves?,295,9604273,Latin,1980
Ed Motta,The Best of Ed Motta,Entre E Ouça,286,9391004,Latin,1980
Ed Motta,The Best of Ed Motta,Já!!!,217,7103608,Latin,1980
Ed Motta,The Best of Ed Motta,Manuel,230,7677671,Latin,1980
Ed Motta,The Best of Ed Motta,Seis Da Tarde,238,7935898,Latin,1980
Ed Motta,The Best of Ed Motta,Solução,247,8100449,Latin,1980
Ed Motta,The Best of Ed Motta,Sombras Do Meu Destino,280,9161539,Latin,1980
Ed Motta,The Best of Ed Motta,Um Contrato Com Deus,202,6636465,Latin,1980
Ed Motta,The Best of Ed Motta,Um Jantar Pra Dois,244,8021589,Latin,1980
Ed Motta,The Best of Ed Motta,Um Love,181,6095524,Latin,1980
Ed Motta,The Best of Ed Motta,Vamos Dançar,226,7617432,Latin,1980
Eric Clapton,The Cream Of Clapton,After Midnight,191,6460941,Blues,1987
Eric Clapton,The Cream Of Clapton,Badge,163,5322942,Blues,1987
Eric Clapton,The Cream Of Clapton,Bell Bottom Blues,304,9946681,Blues,1987
Eric Clapton,The Cream Of Clapton,Cocaine,215,7138399,Blues,1987
Eric Clapton,The Cream Of Clapton,Crossroads,253,8273540,Blues,1987
Eric Clapton,The Cream Of Clapton,I Can't Stand It,249,8271980,Blues,1987
Eric Clapton,The Cream Of Clapton,I Feel Free,174,5725684,Blues,1987
Eric Clapton,The Cream Of Clapton,I Shot The Sheriff,263,8738973,Blues,1987
Eric Clapton,The Cream Of Clapton,Knockin On Heavens Door,264,8758819,Blues,1987
Eric Clapton,The Cream Of Clapton,Lay Down Sally,231,7774207,Blues,1987
Eric Clapton,The Cream Of Clapton,Layla,430,14115792,Blues,1987
Eric Clapton,The Cream Of Clapton,Let It Grow,297,9742568,Blues,1987
Eric Clapton,The Cream Of Clapton,Promises,180,6006154,Blues,1987
Eric Clapton,The Cream Of Clapton,Strange Brew,167,5489787,Blues,1987
Eric Clapton,The Cream Of Clapton,Sunshine Of Your Love,252,8225889,Blues,1987
Eric Clapton,The Cream Of Clapton,Swing Low Sweet Chariot,208,6896288,Blues,1987
Eric Clapton,The Cream Of Clapton,White Room,301,9872606,Blues,1987
Eric Clapton,The Cream Of Clapton,Wonderful Tonight,221,7326923,Blues,1987
Foo Fighters,In Your Honor [Disc 1],Best Of You,255,8363467,Rock,2005
Foo Fighters,In Your Honor [Disc 1],DOA,252,8232342,Rock,2005
Foo Fighters,In Your Honor [Disc 1],End Over End,352,11395296,Rock,2005
Foo Fighters,In Your Honor [Disc 1],Free Me,278,9109340,Rock,2005
Foo Fighters,In Your Honor [Disc 1],Hell,117,3819255,Rock,2005
Foo Fighters,In Your Honor [Disc 1],In Your Honor,230,7468463,Rock,2005
Foo Fighters,In Your Honor [Disc 1],No Way Back,196,6421400,Rock,2005
Foo Fighters,In Your Honor [Disc 1],Resolve,288,9416186,Rock,2005
Foo Fighters,In Your Honor [Disc 1],The Deepest Blues Are Black,238,7735473,Rock,2005
Foo Fighters,In Your Honor [Disc 1],The Last Song,199,6496742,Rock,2005
Foo Fighters,In Your Honor [Disc 2],Another Round,265,8752670,Rock,2005
Foo Fighters,In Your Honor [Disc 2],Cold Day In The Sun,200,6596617,Rock,2005
Foo Fighters,In Your Honor [Disc 2],Friend Of A Friend,193,6355088,Rock,2005
Foo Fighters,In Your Honor [Disc 2],Miracle,209,6877994,Rock,2005
Foo Fighters,In Your Honor [Disc 2],On The Mend,271,9071997,Rock,2005
Foo Fighters,In Your Honor [Disc 2],Over And Out,316,10428382,Rock,2005
Foo Fighters,In Your Honor [Disc 2],Razor,293,9721373,Rock,2005
Foo Fighters,In Your Honor [Disc 2],Still,313,10323157,Rock,2005
Foo Fighters,In Your Honor [Disc 2],Virginia Moon,229,7494639,Rock,2005
Foo Fighters,In Your Honor [Disc 2],What If I Do?,302,9929799,Rock,2005
Foo Fighters,The Colour And The Shape,Doll,83,2702572,Rock,1996
Foo Fighters,The Colour And The Shape,Enough Space,157,5169280,Rock,1996
Foo Fighters,The Colour And The Shape,Everlong,250,8270816,Rock,1996
Foo Fighters,The Colour And The Shape,February Stars,289,9344875,Rock,1996
Foo Fighters,The Colour And The Shape,Monkey Wrench,231,7527531,Rock,1996
Foo Fighters,The Colour And The Shape,My Hero,260,8472365,Rock,1996
Foo Fighters,The Colour And The Shape,My Poor Brain,213,6973746,Rock,1996
Foo Fighters,The Colour And The Shape,New Way Home,342,11205664,Rock,1996
Foo Fighters,The Colour And The Shape,See You,146,4888173,Rock,1996
Foo Fighters,The Colour And The Shape,Up In Arms,135,4406227,Rock,1996
Foo Fighters,The Colour And The Shape,Walking After You,303,9898992,Rock,1996
Foo Fighters,The Colour And The Shape,Wind Up,152,4950667,Rock,1996
Frank Zappa & Captain Beefheart,Bongo Fury,200 Years Old,272,8912465,Rock,1975
Frank Zappa & Captain Beefheart,Bongo Fury,Advance Romance,677,22080051,Rock,1975
Frank Zappa & Captain Beefheart,Bongo Fury,Carolina Hard-Core Ecstasy,359,11731061,Rock,1975
Frank Zappa & Captain Beefheart,Bongo Fury,Cucamonga,144,4728586,Rock,1975
Frank Zappa & Captain Beefheart,Bongo Fury,Debra Kadabra,234,7649679,Rock,1975
Frank Zappa & Captain Beefheart,Bongo Fury,Man With The Woman Head,88,2922044,Rock,1975
Frank Zappa & Captain Beefheart,Bongo Fury,Muffin Man,332,10891682,Rock,1975
Frank Zappa & Captain Beefheart,Bongo Fury,Poofter's Froth Wyoming Plans Ahead,183,6007019,Rock,1975
Frank Zappa & Captain Beefheart,Bongo Fury,Sam With The Showing Scalp Flat Top,171,5572993,Rock,1975
Gilberto Gil,As Canções de Eu Tu Eles,A Volta Da Asa Branca,271,9098093,Soundtrack,2000
Gilberto Gil,As Canções de Eu Tu Eles,As Pegadas Do Amor,209,6899062,Soundtrack,2000
Gilberto Gil,As Canções de Eu Tu Eles,Asa Branca,217,7387183,Soundtrack,2000
Gilberto Gil,As Canções de Eu Tu Eles,Assum Preto,199,6625000,Soundtrack,2000
Gilberto Gil,As Canções de Eu Tu Eles,Baião Da Penha,247,8393047,Soundtrack,2000
Gilberto Gil,As Canções de Eu Tu Eles,Casinha Feliz,32,1039615,Soundtrack,2000
Gilberto Gil,As Canções de Eu Tu Eles,Esperando Na Janela,261,8660617,Soundtrack,2000
Gilberto Gil,As Canções de Eu Tu Eles,Juazeiro,222,7349779,Soundtrack,2000
Gilberto Gil,As Canções de Eu Tu Eles,Lamento Sertanejo,260,8518290,Soundtrack,2000
Gilberto Gil,As Canções de Eu Tu Eles,O Amor Daqui De Casa,148,4888292,Soundtrack,2000
Gilberto Gil,As Canções de Eu Tu Eles,Pau-De-Arara,191,6340649,Soundtrack,2000
Gilberto Gil,As Canções de Eu Tu Eles,Qui Nem Jiló,204,6937472,Soundtrack,2000
Gilberto Gil,As Canções de Eu Tu Eles,Óia Eu Aqui De Novo,219,7469735,Soundtrack,2000
Gilberto Gil,As Canções de Eu Tu Eles,Último Pau-De-Arara,200,6638563,Soundtrack,2000
Gilberto Gil,Quanta Gente Veio Ver (Live),A Novidade (Live),316,10508000,Latin,1998
Gilberto Gil,Quanta Gente Veio Ver (Live),Copacabana (Live),289,9673672,Latin,1998
Gilberto Gil,Quanta Gente Veio Ver (Live),Cérebro Eletrônico (Live),231,7805352,Latin,1998
Gilberto Gil,Quanta Gente Veio Ver (Live),De Ouro E Marfim (Live),234,7838453,Latin,1998
Gilberto Gil,Quanta Gente Veio Ver (Live),Estrela (Live),285,9436411,Latin,1998
Gilberto Gil,Quanta Gente Veio Ver (Live),Ghandi (Live),222,7481950,Latin,1998
Gilberto Gil,Quanta Gente Veio Ver (Live),Introdução (Live),154,5227579,Latin,1998
Gilberto Gil,Quanta Gente Veio Ver (Live),Is This Love (Live),295,9819759,Latin,1998
Gilberto Gil,Quanta Gente Veio Ver (Live),Opachorô (Live),259,8596384,Latin,1998
Gilberto Gil,Quanta Gente Veio Ver (Live),Palco (Live),238,8026622,Latin,1998
Gilberto Gil,Quanta Gente Veio Ver (Live),Pela Internet (Live),263,8804401,Latin,1998
Gilberto Gil,Quanta Gente Veio Ver (Live),Quanta (Live),357,11774865,Latin,1998
Gilberto Gil,Quanta Gente Veio Ver (Live),Refavela (Live),236,7985305,Latin,1998
Gilberto Gil,Quanta Gente Veio Ver (Live),Stir It Up (Live),282,9594738,Latin,1998
Gilberto Gil,Quanta Gente Veio Ver (Live),Vendedor De Caranguejo (Live),248,8358128,Latin,1998
Green Day,American Idiot,American Idiot,174,5705793,Alternative & Punk,2004
Green Day,American Idiot,Are We The Waiting,163,5328329,Alternative & Punk,2004
Green Day,American Idiot,Boulevard Of Broken Dreams,260,8485122,Alternative & Punk,2004
Green Day,American Idiot,Extraordinary Girl,214,6975177,Alternative & Punk,2004
Green Day,American Idiot,Give Me Novacaine,205,6752485,Alternative & Punk,2004
Green Day,American Idiot,Holiday,232,7599602,Alternative & Punk,2004
Green Day,American Idiot,Homecoming / The Death Of St. Jimmy / East 12th St. / Nobody Likes You / Rock And Roll Girlfriend / We're Coming Home Again,558,18139840,Alternative & Punk,2004
Green Day,American Idiot,Jesus Of Suburbia / City Of The Damned / I Don't Care / Dearly Beloved / Tales Of Another Broken Home,548,17875209,Alternative & Punk,2004
Green Day,American Idiot,Letterbomb,246,7980902,Alternative & Punk,2004
Green Day,American Idiot,She's A Rebel,120,3901226,Alternative & Punk,2004
Green Day,American Idiot,St. Jimmy,175,5716589,Alternative & Punk,2004
Green Day,American Idiot,Wake Me Up When September Ends,285,9325597,Alternative & Punk,2004
Green Day,American Idiot,Whatsername,252,8244843,Alternative & Punk,2004
Green Day,International Superhits,Basket Case,181,5951736,Alternative & Punk,2001
Green Day,International Superhits,Brain Stew,193,6305550,Alternative & Punk,2001
Green Day,International Superhits,Geek Stink Breath,135,4408983,Alternative & Punk,2001
Green Day,International Superhits,Good Riddance (Time Of Your Life),153,5075241,Alternative & Punk,2001
Green Day,International Superhits,Hitchin' A Ride,171,5616891,Alternative & Punk,2001
Green Day,International Superhits,J.A.R. (Jason Andrew Relva),170,5645755,Alternative & Punk,2001
Green Day,International Superhits,Jaded,90,2950224,Alternative & Punk,2001
Green Day,International Superhits,Longview,234,7714939,Alternative & Punk,2001
Green Day,International Superhits,Macy's Day Parade,213,7075573,Alternative & Punk,2001
Green Day,International Superhits,Maria,167,5484747,Alternative & Punk,2001
Green Day,International Superhits,Minority,168,5535061,Alternative & Punk,2001
Green Day,International Superhits,Nice Guys Finish Last,170,5604618,Alternative & Punk,2001
Green Day,International Superhits,Poprocks And Coke,158,5243078,Alternative & Punk,2001
Green Day,International Superhits,Redundant,198,6481753,Alternative & Punk,2001
Green Day,International Superhits,She,134,4425128,Alternative & Punk,2001
Green Day,International Superhits,Stuck With Me,135,4431357,Alternative & Punk,2001
Green Day,International Superhits,Waiting,192,6316430,Alternative & Punk,2001
Green Day,International Superhits,Walking Contradiction,151,4932366,Alternative & Punk,2001
Green Day,International Superhits,Warning,221,7343176,Alternative & Punk,2001
Green Day,International Superhits,Welcome To Paradise,224,7406008,Alternative & Punk,2001
Green Day,International Superhits,When I Come Around,178,5839426,Alternative & Punk,2001
House Of Pain,House of Pain,All My Love,200,8027065,Hip Hop/Rap,2011
House Of Pain,House of Pain,Come And Get Some Of This,170,6821279,Hip Hop/Rap,2011
House Of Pain,House of Pain,Commercial 1,7,319888,Hip Hop/Rap,2011
House Of Pain,House of Pain,Commercial 2,21,850698,Hip Hop/Rap,2011
House Of Pain,House of Pain,Feel It,239,9598588,Hip Hop/Rap,2011
House Of Pain,House of Pain,Guess Who's Back,238,9537994,Hip Hop/Rap,2011
House Of Pain,House of Pain,House And The Rising Sun,219,8778369,Hip Hop/Rap,2011
House Of Pain,House of Pain,House Of Pain Anthem,155,6226713,Hip Hop/Rap,2011
House Of Pain,House of Pain,Jump Around,217,8715653,Hip Hop/Rap,2011
House Of Pain,House of Pain,Jump Around (Pete Rock Remix),236,9447101,Hip Hop/Rap,2011
House Of Pain,House of Pain,Life Goes On,163,6523458,Hip Hop/Rap,2011
House Of Pain,House of Pain,One For The Road,170,6810820,Hip Hop/Rap,2011
House Of Pain,House of Pain,Put On Your Shit Kickers,190,7619569,Hip Hop/Rap,2011
House Of Pain,House of Pain,Put Your Head Out,182,7291473,Hip Hop/Rap,2011
House Of Pain,House of Pain,Salutations,69,2767047,Hip Hop/Rap,2011
House Of Pain,House of Pain,Shamrocks And Shenanigans,218,8735518,Hip Hop/Rap,2011
House Of Pain,House of Pain,Shamrocks And Shenanigans (Boom Shalock Lock Boom/Butch Vig Mix),237,9483705,Hip Hop/Rap,2011
House Of Pain,House of Pain,Top O' The Morning To Ya,216,8667599,Hip Hop/Rap,2011
Incognito,Blue Moods,Colibri,361,12055329,Jazz,1955
Incognito,Blue Moods,Dark Side Of The Cog,377,12491122,Jazz,1955
Incognito,Blue Moods,Deep Waters,396,13075359,Jazz,1955
Incognito,Blue Moods,Gypsy,330,11083374,Jazz,1955
Incognito,Blue Moods,Jacob's Ladder,367,12201595,Jazz,1955
Incognito,Blue Moods,Journey Into Sunlight,249,8241177,Jazz,1955
Incognito,Blue Moods,L'Arc En Ciel De Miles,242,8053997,Jazz,1955
Incognito,Blue Moods,Love Is The Colour,251,8419165,Jazz,1955
Incognito,Blue Moods,Magnetic Ocean,321,10720741,Jazz,1955
Incognito,Blue Moods,Millenium,379,12511939,Jazz,1955
Incognito,Blue Moods,She Wears Black,528,17617944,Jazz,1955
Incognito,Blue Moods,Sunchild,259,8593143,Jazz,1955
Incognito,Blue Moods,Thinking 'Bout Tomorrow,355,11865384,Jazz,1955
Iron Maiden,Live After Death,2 Minutes To Midnight,366,8799380,Metal,1985
Iron Maiden,Live After Death,Acacia Avenue,379,9119118,Heavy Metal,1985
Iron Maiden,Live After Death,Aces High,276,6635187,Heavy Metal,1985
Iron Maiden,Live After Death,Children Of The Damned,278,6678446,Heavy Metal,1985
Iron Maiden,Live After Death,Die With Your Boots On,314,7542367,Heavy Metal,1985
Iron Maiden,Live After Death,Flight Of Icarus,229,5521744,Metal,1985
Iron Maiden,Live After Death,Hallowed Be Thy Name,451,10836304,Metal,1985
Iron Maiden,Live After Death,Intro- Churchill S Speech,48,1154488,Heavy Metal,1985
Iron Maiden,Live After Death,Iron Maiden,261,6289117,Metal,1985
Iron Maiden,Live After Death,Phantom Of The Opera,441,10589917,Heavy Metal,1985
Iron Maiden,Live After Death,Powerslave,454,10921567,Metal,1985
Iron Maiden,Live After Death,Revelations,371,8926021,Metal,1985
Iron Maiden,Live After Death,Rime Of The Ancient Mariner,789,18949518,Metal,1985
Iron Maiden,Live After Death,Run To The Hills,231,5561241,Metal,1985
Iron Maiden,Live After Death,Running Free,204,4912986,Metal,1985
Iron Maiden,Live After Death,The Number Of The Beast,275,6605094,Metal,1985
Iron Maiden,Live After Death,The Trooper,268,6455255,Metal,1985
Iron Maiden,Live After Death,Wrathchild,183,4410181,Heavy Metal,1985
Iron Maiden,Live At Donington 1992 (Disc 1),Afraid To Shoot Strangers,412,9905048,Rock,1992
Iron Maiden,Live At Donington 1992 (Disc 1),Be Quick Or Be Dead,233,5599853,Rock,1992
Iron Maiden,Live At Donington 1992 (Disc 1),Can I Play With Madness,213,5118995,Rock,1992
Iron Maiden,Live At Donington 1992 (Disc 1),Fear Of The Dark,431,10361452,Rock,1992
Iron Maiden,Live At Donington 1992 (Disc 1),From Here To Eternity,284,6831163,Rock,1992
Iron Maiden,Live At Donington 1992 (Disc 1),Tailgunner,247,5947795,Rock,1992
Iron Maiden,Live At Donington 1992 (Disc 1),The Evil That Men Do,478,11479913,Rock,1992
Iron Maiden,Live At Donington 1992 (Disc 1),The Number Of The Beast,294,7060625,Rock,1992
Iron Maiden,Live At Donington 1992 (Disc 1),Wasting Love,336,8091301,Rock,1992
Iron Maiden,Live At Donington 1992 (Disc 1),Wrathchild,174,4182963,Rock,1992
Iron Maiden,Piece Of Mind,Die With Your Boots On,325,5212160,Metal,1983
Iron Maiden,Piece Of Mind,Flight Of The Icarus,230,3686400,Metal,1983
Iron Maiden,Piece Of Mind,Quest For Fire,221,3543040,Metal,1983
Iron Maiden,Piece Of Mind,Revelations,408,6539264,Metal,1983
Iron Maiden,Piece Of Mind,Still Life,294,4710400,Metal,1983
Iron Maiden,Piece Of Mind,Sun And Steel,206,3306324,Metal,1983
Iron Maiden,Piece Of Mind,The Trooper,251,4024320,Metal,1983
Iron Maiden,Piece Of Mind,To Tame A Land,445,7129264,Metal,1983
Iron Maiden,Piece Of Mind,Where Eagles Dare,369,5914624,Metal,1983
Iron Maiden,Powerslave,2 Minutes To Midnight,359,8638809,Metal,1984
Iron Maiden,Powerslave,Aces High,269,6472088,Metal,1984
Iron Maiden,Powerslave,Back in the Village,320,7696518,Metal,1984
Iron Maiden,Powerslave,Duelists,366,8800686,Metal,1984
Iron Maiden,Powerslave,Flash of The Blade,242,5828861,Metal,1984
Iron Maiden,Powerslave,Losfer Words,252,6074756,Metal,1984
Iron Maiden,Powerslave,Powerslave,407,9791106,Metal,1984
Iron Maiden,Powerslave,Rime of the Ancient Mariner,816,19599577,Metal,1984
Iron Maiden,Rock In Rio [CD1],2 Minutes To Midnight,386,15474816,Metal,1983
Iron Maiden,Rock In Rio [CD1],Blood Brothers,435,17422464,Metal,1983
Iron Maiden,Rock In Rio [CD1],Brave New World,366,14676148,Metal,1983
Iron Maiden,Rock In Rio [CD1],Ghost Of The Navigator,408,16345216,Metal,1983
Iron Maiden,Rock In Rio [CD1],Intro,115,4638848,Metal,1983
Iron Maiden,Rock In Rio [CD1],Sign Of The Cross,649,25966720,Metal,1983
Iron Maiden,Rock In Rio [CD1],The Mercenary,282,11309184,Metal,1983
Iron Maiden,Rock In Rio [CD1],The Trooper,273,10942592,Metal,1983
Iron Maiden,Rock In Rio [CD1],The Wicker Man,281,11272320,Metal,1983
Iron Maiden,Rock In Rio [CD1],Wrathchild,185,7434368,Metal,1983
Iron Maiden,Rock In Rio [CD2],Dream Of Mirrors,578,23134336,Rock,1983
Iron Maiden,Rock In Rio [CD2],Fear Of The Dark,460,18430080,Rock,1983
Iron Maiden,Rock In Rio [CD2],Hallowed Be Thy Name,443,17760384,Rock,1983
Iron Maiden,Rock In Rio [CD2],Iron Maiden,351,14076032,Rock,1983
Iron Maiden,Rock In Rio [CD2],Run To The Hills,292,11688064,Rock,1983
Iron Maiden,Rock In Rio [CD2],Sanctuary,317,12695680,Rock,1983
Iron Maiden,Rock In Rio [CD2],The Clansman,559,22370432,Rock,1983
Iron Maiden,Rock In Rio [CD2],The Evil That Men Do,280,11231360,Metal,1983
Iron Maiden,Rock In Rio [CD2],The Number Of The Beast,300,12022107,Rock,1983
Iron Maiden,Seventh Son of a Seventh Son,Can I Play With Madness,211,5067867,Metal,1988
Iron Maiden,Seventh Son of a Seventh Son,Infinite Dreams,369,8858669,Metal,1988
Iron Maiden,Seventh Son of a Seventh Son,Moonchild,340,8179151,Metal,1988
Iron Maiden,Seventh Son of a Seventh Son,Only the Good Die Young,280,6744431,Metal,1988
Iron Maiden,Seventh Son of a Seventh Son,Seventh Son of a Seventh Son,593,14249000,Metal,1988
Iron Maiden,Seventh Son of a Seventh Son,The Clairvoyant,267,6411510,Metal,1988
Iron Maiden,Seventh Son of a Seventh Son,The Evil That Men Do,273,6578930,Metal,1988
Iron Maiden,Seventh Son of a Seventh Son,The Prophecy,305,7334450,Metal,1988
Iron Maiden,The X Factor,2 A.M.,337,13511087,Rock,2005
Iron Maiden,The X Factor,Blood On The World's Hands,357,14313600,Rock,2005
Iron Maiden,The X Factor,Fortunes Of War,443,17760384,Rock,2005
Iron Maiden,The X Factor,Judgement Of Heaven,312,12501120,Rock,2005
Iron Maiden,The X Factor,Look For The Truth,310,12411008,Rock,2005
Iron Maiden,The X Factor,Lord Of The Flies,303,12148864,Rock,2005
Iron Maiden,The X Factor,Man On The Edge,253,10137728,Rock,2005
Iron Maiden,The X Factor,Sign Of The Cross,678,27121792,Rock,2005
Iron Maiden,The X Factor,The Aftermath,380,15233152,Rock,2005
Iron Maiden,The X Factor,The Edge Of Darkness,399,15974528,Rock,2005
Iron Maiden,The X Factor,The Unbeliever,490,19617920,Rock,2005
JET,Get Born,Are You Gonna Be My Girl,213,6992324,Alternative & Punk,2003
JET,Get Born,Cold Hard Bitch,243,7929610,Alternative & Punk,2003
JET,Get Born,Come Around Again,270,8872405,Alternative & Punk,2003
JET,Get Born,Get Me Outta Here,176,5729098,Alternative & Punk,2003
JET,Get Born,Get What You Need,247,8043765,Alternative & Punk,2003
JET,Get Born,Last Chance,112,3683130,Alternative & Punk,2003
JET,Get Born,Lazy Gun,282,9186285,Alternative & Punk,2003
JET,Get Born,Look What You've Done,230,7517083,Alternative & Punk,2003
JET,Get Born,Move On,260,8519353,Alternative & Punk,2003
JET,Get Born,Radio Song,272,8871509,Alternative & Punk,2003
JET,Get Born,Rollover D.J.,196,6406517,Alternative & Punk,2003
JET,Get Born,Take It Or Leave It,142,4643370,Alternative & Punk,2003
JET,Get Born,Timothy,270,8856507,Alternative & Punk,2003
Jamiroquai,Emergency On Planet Earth,Blow Your Mind,512,17089176,Rock,1993
Jamiroquai,Emergency On Planet Earth,Didgin' Out,157,5263555,Rock,1993
Jamiroquai,Emergency On Planet Earth,Emergency On Planet Earth,245,8117218,Rock,1993
Jamiroquai,Emergency On Planet Earth,Hooked Up,275,9301687,Rock,1993
Jamiroquai,Emergency On Planet Earth,Music Of The Wind,383,12870239,Rock,1993
Jamiroquai,Emergency On Planet Earth,Revolution 1993,616,20816872,Rock,1993
Jamiroquai,Emergency On Planet Earth,Too Young To Die,365,12391660,Rock,1993
Jamiroquai,Emergency On Planet Earth,When You Gonna Learn (Digeridoo),230,7655482,Rock,1993
Jamiroquai,Synkronized,Black Capricorn Day,341,11477231,R&B/Soul,1999
Jamiroquai,Synkronized,Butterfly,268,8947356,R&B/Soul,1999
Jamiroquai,Synkronized,Canned Heat,331,11042037,R&B/Soul,1999
Jamiroquai,Synkronized,Deeper Underground,281,9351277,R&B/Soul,1999
Jamiroquai,Synkronized,Destitute Illusions,340,11452651,R&B/Soul,1999
Jamiroquai,Synkronized,Failling,225,7503999,R&B/Soul,1999
Jamiroquai,Synkronized,King For A Day,221,7335693,R&B/Soul,1999
Jamiroquai,Synkronized,Planet Home,284,9566237,R&B/Soul,1999
Jamiroquai,Synkronized,Soul Education,255,8575435,R&B/Soul,1999
Jamiroquai,Synkronized,Supersonic,315,10699265,R&B/Soul,1999
Jamiroquai,Synkronized,Were Do We Go From Here,313,10504158,R&B/Soul,1999
Jamiroquai,The Return Of The Space Cowboy,Half The Man,289,9577679,Electronica/Dance,1994
Jamiroquai,The Return Of The Space Cowboy,Journey To Arnhemland,322,10843832,Electronica/Dance,1994
Jamiroquai,The Return Of The Space Cowboy,Just Another Story,529,17582818,Electronica/Dance,1994
Jamiroquai,The Return Of The Space Cowboy,Light Years,354,11796244,Electronica/Dance,1994
Jamiroquai,The Return Of The Space Cowboy,Manifest Destiny,382,12676962,Electronica/Dance,1994
Jamiroquai,The Return Of The Space Cowboy,Morning Glory,384,12777210,Electronica/Dance,1994
Jamiroquai,The Return Of The Space Cowboy,Mr. Moon,329,11043559,Electronica/Dance,1994
Jamiroquai,The Return Of The Space Cowboy,Scam,422,14019705,Electronica/Dance,1994
Jamiroquai,The Return Of The Space Cowboy,Space Cowboy,385,12906520,Electronica/Dance,1994
Jamiroquai,The Return Of The Space Cowboy,Stillness In Time,257,8644290,Electronica/Dance,1994
Jamiroquai,The Return Of The Space Cowboy,The Kids,309,10334529,Electronica/Dance,1994
Jimi Hendrix,Are You Experienced?,51st Anniversary,196,6398044,Rock,1966
Jimi Hendrix,Are You Experienced?,Are You Experienced?,254,8292497,Rock,1966
Jimi Hendrix,Are You Experienced?,Can You See Me,153,4987068,Rock,1966
Jimi Hendrix,Are You Experienced?,Fire,164,5383075,Rock,1966
Jimi Hendrix,Are You Experienced?,Foxy Lady,199,6480896,Rock,1966
Jimi Hendrix,Are You Experienced?,Hey Joe,210,6870054,Rock,1966
Jimi Hendrix,Are You Experienced?,Highway Chile,212,6887949,Rock,1966
Jimi Hendrix,Are You Experienced?,I Don't Live Today,235,7661214,Rock,1966
Jimi Hendrix,Are You Experienced?,Love Or Confusion,193,6329408,Rock,1966
Jimi Hendrix,Are You Experienced?,Manic Depression,222,7289272,Rock,1966
Jimi Hendrix,Are You Experienced?,May This Be Love,191,6240028,Rock,1966
Jimi Hendrix,Are You Experienced?,Purple Haze,171,5597056,Rock,1966
Jimi Hendrix,Are You Experienced?,Red House,224,7285851,Rock,1966
Jimi Hendrix,Are You Experienced?,Remember,168,5509613,Rock,1966
Jimi Hendrix,Are You Experienced?,Stone Free,216,7002331,Rock,1966
Jimi Hendrix,Are You Experienced?,The Wind Cries Mary,200,6540638,Rock,1966
Jimi Hendrix,Are You Experienced?,Third Stone From The Sun,404,13186975,Rock,1966
Judas Priest,Living After Midnight,Breaking The Law (Live),144,4728246,Metal,1980
Judas Priest,Living After Midnight,Diamonds And Rust (Live),219,7163147,Metal,1980
Judas Priest,Living After Midnight,Electric Eye,222,7231368,Metal,1980
Judas Priest,Living After Midnight,Freewheel Burning,265,8713599,Metal,1980
Judas Priest,Living After Midnight,Heading Out To The Highway (Live),276,9006022,Metal,1980
Judas Priest,Living After Midnight,Hot Rockin',197,6509179,Metal,1980
Judas Priest,Living After Midnight,Living After Midnight,213,7056785,Metal,1980
Judas Priest,Living After Midnight,Metal Meltdown,290,9390646,Metal,1980
Judas Priest,Living After Midnight,Ram It Down,292,9554023,Metal,1980
Judas Priest,Living After Midnight,Some Heads Are Gonna Roll,249,8198617,Metal,1980
Judas Priest,Living After Midnight,The Green Manalishi,205,6720789,Metal,1980
Judas Priest,Living After Midnight,The Hellion,41,1351993,Metal,1980
Judas Priest,Living After Midnight,Turbo Lover,335,11068866,Metal,1980
Judas Priest,Living After Midnight,Tyrant (Live),282,9190536,Metal,1980
Judas Priest,Living After Midnight,Victim Of Change (Live),430,14067512,Metal,1980
Judas Priest,Living After Midnight,You've Got Another Thing Comin',305,9962558,Metal,1980
Kiss,Greatest Kiss,Beth,166,5360574,Rock,1997
Kiss,Greatest Kiss,Black Diamond,314,10266007,Rock,1997
Kiss,Greatest Kiss,Calling Dr. Love,225,7395034,Rock,1997
Kiss,Greatest Kiss,Cold Gin,262,8609783,Rock,1997
Kiss,Greatest Kiss,Detroit Rock City,218,7146372,Rock,1997
Kiss,Greatest Kiss,Deuce,185,6097210,Rock,1997
Kiss,Greatest Kiss,Do You Love Me,214,6976194,Rock,1997
Kiss,Greatest Kiss,God Gave Rock 'n' Roll To You,320,10441590,Rock,1997
Kiss,Greatest Kiss,God Of Thunder,255,8309077,Rock,1997
Kiss,Greatest Kiss,Goin' Blind,216,7045314,Rock,1997
Kiss,Greatest Kiss,Hard Luck Woman,216,7109267,Rock,1997
Kiss,Greatest Kiss,I Was Made For Loving You,271,9018078,Rock,1997
Kiss,Greatest Kiss,Love Gun,196,6424915,Rock,1997
Kiss,Greatest Kiss,Plaster Caster,207,6801116,Rock,1997
Kiss,Greatest Kiss,Rock And Roll All Nite,173,5735902,Rock,1997
Kiss,Greatest Kiss,She,248,8229734,Rock,1997
Kiss,Greatest Kiss,Shock Me,227,7529336,Rock,1997
Kiss,Greatest Kiss,Shout It Out Loud,219,7194424,Rock,1997
Kiss,Greatest Kiss,Strutter,192,6317021,Rock,1997
Kiss,Greatest Kiss,Sure Know Something,242,7939886,Rock,1997
Kiss,Unplugged [Live],A World Without Heroes,177,5832524,Rock,1994
Kiss,Unplugged [Live],Beth,170,5577807,Rock,1994
Kiss,Unplugged [Live],Comin' Home,172,5661120,Rock,1994
Kiss,Unplugged [Live],Do You Love Me,193,6343111,Rock,1994
Kiss,Unplugged [Live],Domino,226,7488191,Rock,1994
Kiss,Unplugged [Live],Every Time I Look At You,283,9290948,Rock,1994
Kiss,Unplugged [Live],Goin' Blind,217,7167523,Rock,1994
Kiss,Unplugged [Live],I Still Love You,369,12086145,Rock,1994
Kiss,Unplugged [Live],Nothin' To Lose,222,7351460,Rock,1994
Kiss,Unplugged [Live],Plaster Caster,198,6528719,Rock,1994
Kiss,Unplugged [Live],Rock And Roll All Nite,259,8549296,Rock,1994
Kiss,Unplugged [Live],Rock Bottom,200,6560818,Rock,1994
Kiss,Unplugged [Live],See You Tonight,146,4817521,Rock,1994
Kiss,Unplugged [Live],Sure Know Something,254,8375190,Rock,1994
Led Zeppelin,BBC Sessions [Disc 1] [Live],Communication Breakdown,192,6287257,Rock,1969
Led Zeppelin,BBC Sessions [Disc 1] [Live],Communication Breakdown(2),161,5261022,Rock,1969
Led Zeppelin,BBC Sessions [Disc 1] [Live],Communication Breakdown(3),185,6041133,Rock,1969
Led Zeppelin,BBC Sessions [Disc 1] [Live],Dazed and Confused,401,13035765,Rock,1969
Led Zeppelin,BBC Sessions [Disc 1] [Live],How Many More Times,711,23092953,Rock,1969
Led Zeppelin,BBC Sessions [Disc 1] [Live],I Can't Quit You Baby,263,8581414,Rock,1969
Led Zeppelin,BBC Sessions [Disc 1] [Live],I Can't Quit You Baby(2),380,12377615,Rock,1969
Led Zeppelin,BBC Sessions [Disc 1] [Live],Somethin' Else,127,4165650,Rock,1969
Led Zeppelin,BBC Sessions [Disc 1] [Live],The Girl I Love She Got Long Black Wavy Hair,183,5995686,Rock,1969
Led Zeppelin,BBC Sessions [Disc 1] [Live],Travelling Riverside Blues,312,10232581,Rock,1969
Led Zeppelin,BBC Sessions [Disc 1] [Live],What is and Should Never Be,260,8497116,Rock,1969
Led Zeppelin,BBC Sessions [Disc 1] [Live],Whole Lotta Love,373,12258175,Rock,1969
Led Zeppelin,BBC Sessions [Disc 1] [Live],You Shook Me,315,10249958,Rock,1969
Led Zeppelin,BBC Sessions [Disc 1] [Live],You Shook Me(2),619,20138673,Rock,1969
Led Zeppelin,BBC Sessions [Disc 2] [Live],Black Dog,317,10267572,Rock,1969
Led Zeppelin,BBC Sessions [Disc 2] [Live],Dazed And Confused,1116,36052247,Rock,1969
Led Zeppelin,BBC Sessions [Disc 2] [Live],Going To California,234,7646749,Rock,1969
Led Zeppelin,BBC Sessions [Disc 2] [Live],Heartbreaker,316,10179657,Rock,1969
Led Zeppelin,BBC Sessions [Disc 2] [Live],Immigrant Song,201,6457766,Rock,1969
Led Zeppelin,BBC Sessions [Disc 2] [Live],Since I've Been Loving You,416,13471959,Rock,1969
Led Zeppelin,BBC Sessions [Disc 2] [Live],Stairway To Heaven,529,17050485,Rock,1969
Led Zeppelin,BBC Sessions [Disc 2] [Live],Thank You,398,12831826,Rock,1969
Led Zeppelin,BBC Sessions [Disc 2] [Live],That's The Way,343,11248455,Rock,1969
Led Zeppelin,BBC Sessions [Disc 2] [Live],Whole Lotta Love (Medley),825,26742545,Rock,1969
Led Zeppelin,Houses Of The Holy,D'Yer Mak'er,262,8645935,Rock,1973
Led Zeppelin,Houses Of The Holy,Dancing Days,223,7250104,Rock,1973
Led Zeppelin,Houses Of The Holy,No Quarter,420,13656517,Rock,1973
Led Zeppelin,Houses Of The Holy,Over The Hills And Far Away,290,9552829,Rock,1973
Led Zeppelin,Houses Of The Holy,The Crunge,197,6460212,Rock,1973
Led Zeppelin,Houses Of The Holy,The Ocean,271,8846469,Rock,1973
Led Zeppelin,Houses Of The Holy,The Rain Song,459,15029875,Rock,1973
Led Zeppelin,Houses Of The Holy,The Song Remains The Same,330,10708950,Rock,1973
Led Zeppelin,In Through The Out Door,All My Love,356,11684862,Rock,1978
Led Zeppelin,In Through The Out Door,Carouselambra,634,20858315,Rock,1978
Led Zeppelin,In Through The Out Door,Fool In The Rain,372,12371433,Rock,1978
Led Zeppelin,In Through The Out Door,Hot Dog,197,6536167,Rock,1978
Led Zeppelin,In Through The Out Door,I'm Gonna Crawl,329,10737665,Rock,1978
Led Zeppelin,In Through The Out Door,In The Evening,410,13399734,Rock,1978
Led Zeppelin,In Through The Out Door,South Bound Saurez,254,8420427,Rock,1978
Led Zeppelin,Led Zeppelin I,Babe I'm Gonna Leave You,401,13189312,Rock,1969
Led Zeppelin,Led Zeppelin I,Black Mountain Side,132,4440602,Rock,1969
Led Zeppelin,Led Zeppelin I,Communication Breakdown,150,4899554,Rock,1969
Led Zeppelin,Led Zeppelin I,Dazed and Confused,386,12610326,Rock,1969
Led Zeppelin,Led Zeppelin I,Good Times Bad Times,166,5464077,Rock,1969
Led Zeppelin,Led Zeppelin I,How Many More Times,508,16541364,Rock,1969
Led Zeppelin,Led Zeppelin I,I Can't Quit You Baby,282,9252733,Rock,1969
Led Zeppelin,Led Zeppelin I,You Shook Me,388,12643067,Rock,1969
Led Zeppelin,Led Zeppelin I,Your Time Is Gonna Come,274,9011653,Rock,1969
Led Zeppelin,Led Zeppelin II,Bring It On Home,259,8494731,Rock,1969
Led Zeppelin,Led Zeppelin II,Heartbreaker,253,8387560,Rock,1969
Led Zeppelin,Led Zeppelin II,Living Loving Maid (She's Just A Woman),159,5219819,Rock,1969
Led Zeppelin,Led Zeppelin II,Moby Dick,260,8664210,Rock,1969
Led Zeppelin,Led Zeppelin II,Ramble On,275,9199710,Rock,1969
Led Zeppelin,Led Zeppelin II,Thank You,287,9337392,Rock,1969
Led Zeppelin,Led Zeppelin II,The Lemon Song,379,12463496,Rock,1969
Led Zeppelin,Led Zeppelin II,What Is And What Should Never Be,287,9369385,Rock,1969
Led Zeppelin,Led Zeppelin II,Whole Lotta Love,334,11026243,Rock,1969
Led Zeppelin,Led Zeppelin III,Bron-Y-Aur Stomp,259,8674508,Rock,1970
Led Zeppelin,Led Zeppelin III,Celebration Day,209,6871078,Rock,1970
Led Zeppelin,Led Zeppelin III,Friends,233,7694220,Rock,1970
Led Zeppelin,Led Zeppelin III,Gallows Pole,296,9757151,Rock,1970
Led Zeppelin,Led Zeppelin III,Hats Off To (Roy) Harper,219,7236640,Rock,1970
Led Zeppelin,Led Zeppelin III,Immigrant Song,144,4786461,Rock,1970
Led Zeppelin,Led Zeppelin III,Out On The Tiles,246,8060350,Rock,1970
Led Zeppelin,Led Zeppelin III,Since I've Been Loving You,444,14482460,Rock,1970
Led Zeppelin,Led Zeppelin III,Tangerine,189,6200893,Rock,1970
Led Zeppelin,Led Zeppelin III,That's The Way,337,11202499,Rock,1970
Led Zeppelin,Physical Graffiti [Disc 1],Custard Pie,253,8348257,Rock,1975
Led Zeppelin,Physical Graffiti [Disc 1],Houses Of The Holy,242,7972503,Rock,1975
Led Zeppelin,Physical Graffiti [Disc 1],In My Time Of Dying,666,21676727,Rock,1975
Led Zeppelin,Physical Graffiti [Disc 1],Kashmir,508,16686580,Rock,1975
Led Zeppelin,Physical Graffiti [Disc 1],The Rover,337,11011286,Rock,1975
Led Zeppelin,Physical Graffiti [Disc 1],Trampled Under Foot,336,11154468,Rock,1975
Led Zeppelin,Physical Graffiti [Disc 2],Black Country Woman,273,8951732,Rock,1975
Led Zeppelin,Physical Graffiti [Disc 2],Boogie With Stu,233,7657086,Rock,1975
Led Zeppelin,Physical Graffiti [Disc 2],Bron-Yr-Aur,126,4150746,Rock,1975
Led Zeppelin,Physical Graffiti [Disc 2],Down By The Seaside,316,10371282,Rock,1975
Led Zeppelin,Physical Graffiti [Disc 2],In The Light,526,17033046,Rock,1975
Led Zeppelin,Physical Graffiti [Disc 2],Night Flight,217,7160647,Rock,1975
Led Zeppelin,Physical Graffiti [Disc 2],Sick Again,283,9279263,Rock,1975
Led Zeppelin,Physical Graffiti [Disc 2],Ten Years Gone,393,12756366,Rock,1975
Led Zeppelin,Physical Graffiti [Disc 2],The Wanton Song,249,8180988,Rock,1975
Legião Urbana,Mais Do Mesmo,Ainda É Cedo,236,7796400,Latin,1998
Legião Urbana,Mais Do Mesmo,Antes Das Seis,189,6296531,Latin,1998
Legião Urbana,Mais Do Mesmo,Dezesseis,321,10501773,Latin,1998
Legião Urbana,Mais Do Mesmo,Eduardo E Mônica,271,9026691,Latin,1998
Legião Urbana,Mais Do Mesmo,Faroeste Caboclo,543,18092739,Latin,1998
Legião Urbana,Mais Do Mesmo,Geração Coca-Cola,141,4625731,Latin,1998
Legião Urbana,Mais Do Mesmo,Giz,202,6677671,Latin,1998
Legião Urbana,Mais Do Mesmo,Há Tempos,197,6432922,Latin,1998
Legião Urbana,Mais Do Mesmo,Indios,258,8610226,Latin,1998
Legião Urbana,Mais Do Mesmo,Meninos E Meninas,203,6667802,Latin,1998
Legião Urbana,Mais Do Mesmo,Pais E Filhos,308,10130685,Latin,1998
Legião Urbana,Mais Do Mesmo,Perfeição,276,9258489,Latin,1998
Legião Urbana,Mais Do Mesmo,Que País É Este,177,5822124,Latin,1998
Legião Urbana,Mais Do Mesmo,Será,148,4826528,Latin,1998
Legião Urbana,Mais Do Mesmo,Tempo Perdido,302,9963914,Latin,1998
Legião Urbana,Mais Do Mesmo,Vento No Litoral,366,12063806,Latin,1998
Marillion,Misplaced Childhood,Bitter Suite: Brief Encounter / Lost Weekend / Blue Angel,356,11791068,Rock,1985
Marillion,Misplaced Childhood,Blind Curve: Vocal Under A Bloodlight / Passing Strangers / Mylo / Perimeter Walk / Threshold,569,18578995,Rock,1985
Marillion,Misplaced Childhood,Childhoods End?,272,9015366,Rock,1985
Marillion,Misplaced Childhood,Heart Of Lothian: Wide Boy / Curtain Call,366,11893723,Rock,1985
Marillion,Misplaced Childhood,Kayleigh,234,7716005,Rock,1985
Marillion,Misplaced Childhood,Lavender,153,4999814,Rock,1985
Marillion,Misplaced Childhood,Lords Of The Backstage,112,3741319,Rock,1985
Marillion,Misplaced Childhood,Pseudo Silk Kimono,134,4334038,Rock,1985
Marillion,Misplaced Childhood,Waterhole (Expresso Bongo),133,4378835,Rock,1985
Marillion,Misplaced Childhood,White Feather,143,4711776,Rock,1985
Men At Work,The Best Of Men At Work,Be Good Johnny,216,7139814,Rock,1981
Men At Work,The Best Of Men At Work,Down Under,222,7366142,Rock,1981
Men At Work,The Best Of Men At Work,Down by the Sea,408,13314900,Rock,1981
Men At Work,The Best Of Men At Work,Dr. Heckyll & Mr. Jive,278,9110403,Rock,1981
Men At Work,The Best Of Men At Work,Everything I Need,216,7107625,Rock,1981
Men At Work,The Best Of Men At Work,It's a Mistake,273,8979965,Rock,1981
Men At Work,The Best Of Men At Work,No Sign of Yesterday,362,11829011,Rock,1981
Men At Work,The Best Of Men At Work,Overkill,225,7408652,Rock,1981
Men At Work,The Best Of Men At Work,Shakes and Ladders,198,6560753,Rock,1981
Men At Work,The Best Of Men At Work,Who Can It Be Now?,202,6682850,Rock,1981
Metallica,Garage Inc. (Disc 1),Astronomy,397,13065612,Metal,1998
Metallica,Garage Inc. (Disc 1),Die Die My Darling,149,4867667,Metal,1998
Metallica,Garage Inc. (Disc 1),Free Speech For The Dumb,155,5076048,Metal,1998
Metallica,Garage Inc. (Disc 1),It's Electric,213,6978601,Metal,1998
Metallica,Garage Inc. (Disc 1),Loverman,472,15446975,Metal,1998
Metallica,Garage Inc. (Disc 1),Mercyful Fate,671,21942829,Metal,1998
Metallica,Garage Inc. (Disc 1),Sabbra Cadabra,380,12418147,Metal,1998
Metallica,Garage Inc. (Disc 1),The More I See,287,9378873,Metal,1998
Metallica,Garage Inc. (Disc 1),Tuesday's Gone,545,17900787,Metal,1998
Metallica,Garage Inc. (Disc 1),Turn The Page,366,11946327,Metal,1998
Metallica,Garage Inc. (Disc 1),Whiskey In The Jar,305,9943129,Metal,1998
Metallica,Garage Inc. (Disc 2),Am I Evil?,470,15387219,Metal,1998
Metallica,Garage Inc. (Disc 2),Blitzkrieg,216,7090018,Metal,1998
Metallica,Garage Inc. (Disc 2),Breadfan,341,11100130,Metal,1998
Metallica,Garage Inc. (Disc 2),Crash Course In Brain Surgery,190,6233729,Metal,1998
Metallica,Garage Inc. (Disc 2),Damage Case,220,7212997,Metal,1998
Metallica,Garage Inc. (Disc 2),Helpless,398,12977902,Metal,1998
Metallica,Garage Inc. (Disc 2),Killing Time,183,6021197,Metal,1998
Metallica,Garage Inc. (Disc 2),Last Caress/Green Hell,209,6854313,Metal,1998
Metallica,Garage Inc. (Disc 2),Overkill,245,7971330,Metal,1998
Metallica,Garage Inc. (Disc 2),So What,189,6162894,Metal,1998
Metallica,Garage Inc. (Disc 2),Stone Cold Crazy,137,4514830,Metal,1998
Metallica,Garage Inc. (Disc 2),Stone Dead Forever,292,9556060,Metal,1998
Metallica,Garage Inc. (Disc 2),The Prince,265,8624492,Metal,1998
Metallica,Garage Inc. (Disc 2),The Small Hours,403,13215133,Metal,1998
Metallica,Garage Inc. (Disc 2),The Wait,295,9688418,Metal,1998
Metallica,Garage Inc. (Disc 2),Too Late Too Late,192,6276291,Metal,1998
Metallica,Kill 'Em All,(Anesthesia) Pulling Teeth,254,8234710,Metal,1988
Metallica,Kill 'Em All,Hit The Lights,257,8357088,Metal,1988
Metallica,Kill 'Em All,Jump In The Fire,281,9135755,Metal,1988
Metallica,Kill 'Em All,Metal Militia,311,10141785,Metal,1988
Metallica,Kill 'Em All,Motorbreath,188,6153933,Metal,1988
Metallica,Kill 'Em All,No Remorse,386,12672166,Metal,1988
Metallica,Kill 'Em All,Phantom Lord,302,9817143,Metal,1988
Metallica,Kill 'Em All,Seek & Destroy,415,13452301,Metal,1988
Metallica,Kill 'Em All,The Four Horsemen,433,14178138,Metal,1988
Metallica,Kill 'Em All,Whiplash,249,8102839,Metal,1988
Metallica,Master Of Puppets,Battery,312,10229577,Metal,1986
Metallica,Master Of Puppets,Damage Inc.,330,10725029,Metal,1986
Metallica,Master Of Puppets,Disposable Heroes,496,16135560,Metal,1986
Metallica,Master Of Puppets,Leper Messiah,347,11310434,Metal,1986
Metallica,Master Of Puppets,Master Of Puppets,515,16893720,Metal,1986
Metallica,Master Of Puppets,Orion,500,16378477,Metal,1986
Metallica,Master Of Puppets,The Thing That Should Not Be,396,12952368,Metal,1986
Metallica,Master Of Puppets,Welcome Home (Sanitarium),387,12679965,Metal,1986
Metallica,Ride The Lightning,Creeping Death,396,12955593,Metal,2012
Metallica,Ride The Lightning,Escape,264,8652332,Metal,2012
Metallica,Ride The Lightning,Fade To Black,414,13531954,Metal,2012
Metallica,Ride The Lightning,Fight Fire With Fire,285,9420856,Metal,2012
Metallica,Ride The Lightning,For Whom The Bell Tolls,311,10159725,Metal,2012
Metallica,Ride The Lightning,Ride The Lightning,397,13055884,Metal,2012
Metallica,Ride The Lightning,The Call Of Ktulu,534,17486240,Metal,2012
Metallica,Ride The Lightning,Trapped Under Ice,244,7975942,Metal,2012
Miles Davis,Miles Ahead,Blues For Pablo,318,10218398,Jazz,1957
Miles Davis,Miles Ahead,Blues For Pablo (Alternate Take),212,6900619,Jazz,1957
Miles Davis,Miles Ahead,I Don't Wanna Be Kissed (By Anyone But You),191,6219487,Jazz,1957
Miles Davis,Miles Ahead,I Don't Wanna Be Kissed (By Anyone But You) (Alternate Take),192,6254796,Jazz,1957
Miles Davis,Miles Ahead,Lament,134,4293394,Jazz,1957
Miles Davis,Miles Ahead,Miles Ahead,209,6807707,Jazz,1957
Miles Davis,Miles Ahead,My Ship,268,8581144,Jazz,1957
Miles Davis,Miles Ahead,New Rhumba,276,8980400,Jazz,1957
Miles Davis,Miles Ahead,Springsville,207,6776219,Jazz,1957
Miles Davis,Miles Ahead,Springsville (Alternate Take),196,6382079,Jazz,1957
Miles Davis,Miles Ahead,The Duke,214,6977626,Jazz,1957
Miles Davis,Miles Ahead,The Maids Of Cadiz,233,7505275,Jazz,1957
Miles Davis,Miles Ahead,The Meaning Of The Blues,168,5395412,Jazz,1957
Miles Davis,Miles Ahead,The Meaning Of The Blues/Lament (Alternate Take),309,9912387,Jazz,1957
Mötley Crüe,Motley Crue Greatest Hits,Afraid,248,8077464,Metal,1998
Mötley Crüe,Motley Crue Greatest Hits,Bitter Pill,266,8666786,Metal,1998
Mötley Crüe,Motley Crue Greatest Hits,Don't Go Away Mad (Just Go Away),279,9188156,Metal,1998
Mötley Crüe,Motley Crue Greatest Hits,Dr. Feelgood,282,9281875,Metal,1998
Mötley Crüe,Motley Crue Greatest Hits,Enslaved,269,8789966,Metal,1998
Mötley Crüe,Motley Crue Greatest Hits,Glitter,340,11184094,Metal,1998
Mötley Crüe,Motley Crue Greatest Hits,Home Sweet Home,236,7697538,Metal,1998
Mötley Crüe,Motley Crue Greatest Hits,Kickstart My Heart,283,9237736,Metal,1998
Mötley Crüe,Motley Crue Greatest Hits,Looks That Kill,240,7831122,Metal,1998
Mötley Crüe,Motley Crue Greatest Hits,Primal Scream,286,9421164,Metal,1998
Mötley Crüe,Motley Crue Greatest Hits,Same Ol' Situation,254,8283958,Metal,1998
Mötley Crüe,Motley Crue Greatest Hits,Shout At The Devil,221,7281974,Metal,1998
Mötley Crüe,Motley Crue Greatest Hits,Smokin' in The Boys Room,206,6735408,Metal,1998
Mötley Crüe,Motley Crue Greatest Hits,Too Fast For Love,200,6580542,Metal,1998
Mötley Crüe,Motley Crue Greatest Hits,Wild Side,276,9116997,Metal,1998
Mötley Crüe,Motley Crue Greatest Hits,Without You,268,8738371,Metal,1998
Nirvana,From The Muddy Banks Of The Wishkah [Live],Aneurysm,271,8862545,Rock,1996
Nirvana,From The Muddy Banks Of The Wishkah [Live],Been A Son,127,4170369,Rock,1996
Nirvana,From The Muddy Banks Of The Wishkah [Live],Blew,216,7096936,Rock,1996
Nirvana,From The Muddy Banks Of The Wishkah [Live],Breed,208,6759080,Rock,1996
Nirvana,From The Muddy Banks Of The Wishkah [Live],Drain You,215,7013175,Rock,1996
Nirvana,From The Muddy Banks Of The Wishkah [Live],Heart-Shaped Box,281,9210982,Rock,1996
Nirvana,From The Muddy Banks Of The Wishkah [Live],Intro,52,1688527,Rock,1996
Nirvana,From The Muddy Banks Of The Wishkah [Live],Lithium,250,8148800,Rock,1996
Nirvana,From The Muddy Banks Of The Wishkah [Live],Milk It,225,7406945,Rock,1996
Nirvana,From The Muddy Banks Of The Wishkah [Live],Negative Creep,163,5354854,Rock,1996
Nirvana,From The Muddy Banks Of The Wishkah [Live],Polly,149,4885331,Rock,1996
Nirvana,From The Muddy Banks Of The Wishkah [Live],Scentless Apprentice,211,6898177,Rock,1996
Nirvana,From The Muddy Banks Of The Wishkah [Live],School,160,5234885,Rock,1996
Nirvana,From The Muddy Banks Of The Wishkah [Live],Sliver,116,3784567,Rock,1996
Nirvana,From The Muddy Banks Of The Wishkah [Live],Smells Like Teen Spirit,287,9425215,Rock,1996
Nirvana,From The Muddy Banks Of The Wishkah [Live],Spank Thru,190,6186487,Rock,1996
Nirvana,From The Muddy Banks Of The Wishkah [Live],Tourette's,115,3753246,Rock,1996
Nirvana,Nevermind,Breed,183,5984812,Rock,1991
Nirvana,Nevermind,Come As You Are,219,7123357,Rock,1991
Nirvana,Nevermind,Drain You,223,7273440,Rock,1991
Nirvana,Nevermind,In Bloom,254,8327077,Rock,1991
Nirvana,Nevermind,Lithium,256,8404745,Rock,1991
Nirvana,Nevermind,Lounge Act,156,5093635,Rock,1991
Nirvana,Nevermind,On A Plain,196,6390635,Rock,1991
Nirvana,Nevermind,Polly,177,5788407,Rock,1991
Nirvana,Nevermind,Smells Like Teen Spirit,301,9823847,Rock,1991
Nirvana,Nevermind,Something In The Way,230,7472168,Rock,1991
Nirvana,Nevermind,Stay Away,212,6956404,Rock,1991
Nirvana,Nevermind,Territorial Pissings,143,4613880,Rock,1991
Olodum,Olodum,Cartao Postal,211,7082301,Latin,1979
Olodum,Olodum,Denúncia,159,5327433,Latin,1979
Olodum,Olodum,Faraó Divindade Do Egito,228,7523278,Latin,1979
Olodum,Olodum,Jeito Faceiro,217,7233608,Latin,1979
Olodum,Olodum,Madagáscar Olodum,252,8270584,Latin,1979
Olodum,Olodum,Nossa Gente (Avisa Là),188,6233201,Latin,1979
Olodum,Olodum,Olodum - Alegria Geral,233,7754245,Latin,1979
Olodum,Olodum,Olodum - Smile (Instrumental),235,7871409,Latin,1979
Olodum,Olodum,Protesto Do Olodum (Ao Vivo),206,6766104,Latin,1979
Olodum,Olodum,Reggae Odoyá,224,7499807,Latin,1979
Olodum,Olodum,Requebra,240,8010811,Latin,1979
Olodum,Olodum,Revolta Olodum,230,7557065,Latin,1979
Olodum,Olodum,Todo Amor (Asas Da Liberdade),245,8121434,Latin,1979
Os Mutantes,Minha História,A E O Z,518,16873005,Alternative & Punk,2008
Os Mutantes,Minha História,Ando Meio Desligado,287,9484504,Alternative & Punk,2008
Os Mutantes,Minha História,Baby,177,5798202,Alternative & Punk,2008
Os Mutantes,Minha História,Balada Do Louco,241,7852328,Alternative & Punk,2008
Os Mutantes,Minha História,Banho De Lua,221,7232123,Alternative & Punk,2008
Os Mutantes,Minha História,Bat Macumba,187,6295223,Alternative & Punk,2008
Os Mutantes,Minha História,Chão De Estrelas,284,9433620,Alternative & Punk,2008
Os Mutantes,Minha História,Desculpe Babe,170,5637959,Alternative & Punk,2008
Os Mutantes,Minha História,Meu Refrigerador Não Funciona,382,12495906,Alternative & Punk,2008
Os Mutantes,Minha História,Panis Et Circenses,125,4069688,Alternative & Punk,2008
Os Mutantes,Minha História,Rita Lee,189,6270503,Alternative & Punk,2008
Os Mutantes,Minha História,Top Top,146,4875374,Alternative & Punk,2008
Os Mutantes,Minha História,Vida De Cachorro,195,6411149,Alternative & Punk,2008
Os Paralamas Do Sucesso,Arquivo Os Paralamas Do Sucesso,Alagados,302,10255463,Latin,1982
Os Paralamas Do Sucesso,Arquivo Os Paralamas Do Sucesso,Caleidoscópio,211,7000017,Latin,1982
Os Paralamas Do Sucesso,Arquivo Os Paralamas Do Sucesso,Cinema Mudo,227,7612168,Latin,1982
Os Paralamas Do Sucesso,Arquivo Os Paralamas Do Sucesso,Lanterna Dos Afogados,190,6264318,Latin,1982
Os Paralamas Do Sucesso,Arquivo Os Paralamas Do Sucesso,Me Liga,229,7565912,Latin,1982
Os Paralamas Do Sucesso,Arquivo Os Paralamas Do Sucesso,Melô Do Marinheiro,208,6905668,Latin,1982
Os Paralamas Do Sucesso,Arquivo Os Paralamas Do Sucesso,Meu Erro,208,6893533,Latin,1982
Os Paralamas Do Sucesso,Arquivo Os Paralamas Do Sucesso,O Beco,189,6293184,Latin,1982
Os Paralamas Do Sucesso,Arquivo Os Paralamas Do Sucesso,Perplexo,161,5355013,Latin,1982
Os Paralamas Do Sucesso,Arquivo Os Paralamas Do Sucesso,Quase Um Segundo,275,8971355,Latin,1982
Os Paralamas Do Sucesso,Arquivo Os Paralamas Do Sucesso,Romance Ideal,250,8260477,Latin,1982
Os Paralamas Do Sucesso,Arquivo Os Paralamas Do Sucesso,SKA,148,4943540,Latin,1982
Os Paralamas Do Sucesso,Arquivo Os Paralamas Do Sucesso,Selvagem,245,8141084,Latin,1982
Os Paralamas Do Sucesso,Arquivo Os Paralamas Do Sucesso,Será Que Vai Chover?,337,11133830,Latin,1982
Os Paralamas Do Sucesso,Arquivo Os Paralamas Do Sucesso,Vital E Sua Moto,210,6902878,Latin,1982
Os Paralamas Do Sucesso,Arquivo Os Paralamas Do Sucesso,Óculos,219,7262419,Latin,1982
Ozzy Osbourne,Bark at the Moon (Remastered),Bark at the Moon,257,4601224,Rock,1995
Ozzy Osbourne,Blizzard of Ozz,Crazy Train,295,5255083,Rock,1980
Ozzy Osbourne,Blizzard of Ozz,I Don't Know,312,5525339,Rock,1980
Page & Plant,Walking Into Clarksdale,Blue Train,405,13170391,Rock,2007
Page & Plant,Walking Into Clarksdale,Burning Up,321,10525136,Rock,2007
Page & Plant,Walking Into Clarksdale,Heart In Your Hand,230,7598019,Rock,2007
Page & Plant,Walking Into Clarksdale,House Of Love,335,10990880,Rock,2007
Page & Plant,Walking Into Clarksdale,Most High,336,10999203,Rock,2007
Page & Plant,Walking Into Clarksdale,Please Read The Letter,262,8603372,Rock,2007
Page & Plant,Walking Into Clarksdale,Shining In The Light,240,7951688,Rock,2007
Page & Plant,Walking Into Clarksdale,Sons Of Freedom,246,8087944,Rock,2007
Page & Plant,Walking Into Clarksdale,Upon A Golden Horse,232,7594829,Rock,2007
Page & Plant,Walking Into Clarksdale,Walking Into Clarksdale,318,10396315,Rock,2007
Page & Plant,Walking Into Clarksdale,When I Was A Child,345,11249456,Rock,2007
Page & Plant,Walking Into Clarksdale,When The World Was Young,373,12198930,Rock,2007
Pearl Jam,Live On Two Legs [Live],Better Man,246,8019563,Rock,1998
Pearl Jam,Live On Two Legs [Live],Black,415,13580009,Rock,1998
Pearl Jam,Live On Two Legs [Live],Corduroy,305,9991106,Rock,1998
Pearl Jam,Live On Two Legs [Live],Daughter,407,13420697,Rock,1998
Pearl Jam,Live On Two Legs [Live],Do The Evolution,225,7377286,Rock,1998
Pearl Jam,Live On Two Legs [Live],Elderly Woman Behind The Counter In A Small Town,229,7509304,Rock,1998
Pearl Jam,Live On Two Legs [Live],Even Flow,317,10394239,Rock,1998
Pearl Jam,Live On Two Legs [Live],F*Ckin' Up,377,12360893,Rock,1998
Pearl Jam,Live On Two Legs [Live],Given To Fly,233,7678347,Rock,1998
Pearl Jam,Live On Two Legs [Live],Go,161,5290810,Rock,1998
Pearl Jam,Live On Two Legs [Live],MFC,148,4817665,Rock,1998
Pearl Jam,Live On Two Legs [Live],Nothingman,278,9107017,Rock,1998
Pearl Jam,Live On Two Legs [Live],Off He Goes,343,11245109,Rock,1998
Pearl Jam,Live On Two Legs [Live],Red Mosquito,242,7944923,Rock,1998
Pearl Jam,Live On Two Legs [Live],Untitled,122,3957141,Rock,1998
Philip Glass Ensemble,Koyaanisqatsi (Soundtrack from the Motion Picture),Koyaanisqatsi,206,3305164,Soundtrack,2009
R.E.M.,The Best Of R.E.M.: The IRS Years,Can't Get There From Here,220,7285936,Alternative & Punk,1982
R.E.M.,The Best Of R.E.M.: The IRS Years,Carnival Of Sorts,233,7669658,Alternative & Punk,1982
R.E.M.,The Best Of R.E.M.: The IRS Years,Cuyahoga,260,8591057,Alternative & Punk,1982
R.E.M.,The Best Of R.E.M.: The IRS Years,Don't Go Back To Rockville,272,9010715,Alternative & Punk,1982
R.E.M.,The Best Of R.E.M.: The IRS Years,Driver 8,204,6779076,Alternative & Punk,1982
R.E.M.,The Best Of R.E.M.: The IRS Years,Fall On Me,172,5676811,Alternative & Punk,1982
R.E.M.,The Best Of R.E.M.: The IRS Years,Green Grow The Rushes,225,7422425,Alternative & Punk,1982
R.E.M.,The Best Of R.E.M.: The IRS Years,I Believe,227,7542929,Alternative & Punk,1982
R.E.M.,The Best Of R.E.M.: The IRS Years,It's The End Of The World As We Know It (And I Feel Fine),244,7998987,Alternative & Punk,1982
R.E.M.,The Best Of R.E.M.: The IRS Years,Perfect Circle,208,6898067,Alternative & Punk,1982
R.E.M.,The Best Of R.E.M.: The IRS Years,Pretty Persuasion,229,7577754,Alternative & Punk,1982
R.E.M.,The Best Of R.E.M.: The IRS Years,Radio Free Aurope,245,8163490,Alternative & Punk,1982
R.E.M.,The Best Of R.E.M.: The IRS Years,So Central Rain,194,6414550,Alternative & Punk,1982
R.E.M.,The Best Of R.E.M.: The IRS Years,Talk About The Passion,203,6725435,Alternative & Punk,1982
R.E.M.,The Best Of R.E.M.: The IRS Years,The Finest Worksong,229,7574856,Alternative & Punk,1982
R.E.M.,The Best Of R.E.M.: The IRS Years,The One I Love,197,6495125,Alternative & Punk,1982
Red Hot Chili Peppers,Blood Sugar Sex Magik,Apache Rose Peacock,282,9312588,Alternative & Punk,1992
Red Hot Chili Peppers,Blood Sugar Sex Magik,Blood Sugar Sex Magik,271,8940573,Alternative & Punk,1992
Red Hot Chili Peppers,Blood Sugar Sex Magik,Breaking The Girl,295,9805526,Alternative & Punk,1992
Red Hot Chili Peppers,Blood Sugar Sex Magik,Funky Monks,323,10708168,Alternative & Punk,1992
Red Hot Chili Peppers,Blood Sugar Sex Magik,Give It Away,283,9308997,Alternative & Punk,1992
Red Hot Chili Peppers,Blood Sugar Sex Magik,I Could Have Lied,244,8088244,Alternative & Punk,1992
Red Hot Chili Peppers,Blood Sugar Sex Magik,If You Have To Ask,216,7199175,Alternative & Punk,1992
Red Hot Chili Peppers,Blood Sugar Sex Magik,Mellowship Slinky In B Major,240,7971384,Alternative & Punk,1992
Red Hot Chili Peppers,Blood Sugar Sex Magik,My Lovely Man,279,9220114,Alternative & Punk,1992
Red Hot Chili Peppers,Blood Sugar Sex Magik,Naked In The Rain,265,8724674,Alternative & Punk,1992
Red Hot Chili Peppers,Blood Sugar Sex Magik,Sir Psycho Sexy,496,16354362,Alternative & Punk,1992
Red Hot Chili Peppers,Blood Sugar Sex Magik,Suck My Kiss,217,7129137,Alternative & Punk,1992
Red Hot Chili Peppers,Blood Sugar Sex Magik,The Greeting Song,193,6346507,Alternative & Punk,1992
Red Hot Chili Peppers,Blood Sugar Sex Magik,The Power Of Equality,243,8148266,Alternative & Punk,1992
Red Hot Chili Peppers,Blood Sugar Sex Magik,The Righteous & The Wicked,248,8134096,Alternative & Punk,1992
Red Hot Chili Peppers,Blood Sugar Sex Magik,They're Red Hot,71,2382220,Alternative & Punk,1992
Red Hot Chili Peppers,Blood Sugar Sex Magik,Under The Bridge,264,8682716,Alternative & Punk,1992
Red Hot Chili Peppers,By The Way,By The Way,218,7197430,Rock,2002
Red Hot Chili Peppers,By The Way,Cabron,218,7458864,Rock,2002
Red Hot Chili Peppers,By The Way,Can't Stop,269,8872479,Rock,2002
Red Hot Chili Peppers,By The Way,Don't Forget Me,277,9107071,Rock,2002
Red Hot Chili Peppers,By The Way,Dosed,312,10235611,Rock,2002
Red Hot Chili Peppers,By The Way,I Could Die For You,193,6333311,Rock,2002
Red Hot Chili Peppers,By The Way,Midnight,295,9702450,Rock,2002
Red Hot Chili Peppers,By The Way,Minor Thing,217,7148115,Rock,2002
Red Hot Chili Peppers,By The Way,On Mercury,208,6834762,Rock,2002
Red Hot Chili Peppers,By The Way,Tear,317,10395500,Rock,2002
Red Hot Chili Peppers,By The Way,The Zephyr Song,232,7690312,Rock,2002
Red Hot Chili Peppers,By The Way,This Is The Place,257,8469765,Rock,2002
Red Hot Chili Peppers,By The Way,Throw Away Your Television,224,7483526,Rock,2002
Red Hot Chili Peppers,By The Way,Universally Speaking,259,8501904,Rock,2002
Red Hot Chili Peppers,By The Way,Venice Queen,369,12280381,Rock,2002
Red Hot Chili Peppers,By The Way,Warm Tape,256,8358200,Rock,2002
Rush,Retrospective I (1974-1980),2112 Overture,272,8898066,Rock,1974
Rush,Retrospective I (1974-1980),Anthem,264,8693343,Rock,1974
Rush,Retrospective I (1974-1980),Bastille Day,280,9264769,Rock,1974
Rush,Retrospective I (1974-1980),By-Tor And The Snow Dog,519,17076397,Rock,1974
Rush,Retrospective I (1974-1980),Closer To The Heart,175,5767005,Rock,1974
Rush,Retrospective I (1974-1980),Finding My Way,305,9985701,Rock,1974
Rush,Retrospective I (1974-1980),Fly By Night,202,6683061,Rock,1974
Rush,Retrospective I (1974-1980),Freewill,324,10694110,Rock,1974
Rush,Retrospective I (1974-1980),La Villa Strangiato,577,19137855,Rock,1974
Rush,Retrospective I (1974-1980),Something For Nothing,240,7898395,Rock,1974
Rush,Retrospective I (1974-1980),The Spirit Of Radio,299,9862012,Rock,1974
Rush,Retrospective I (1974-1980),The Temples Of Syrinx,133,4360163,Rock,1974
Rush,Retrospective I (1974-1980),The Trees,285,9345473,Rock,1974
Rush,Retrospective I (1974-1980),Xanadu,667,21753168,Rock,1974
Santana,Santana - As Years Go By,As The Years Go by,233,7566829,Rock,1966
Santana,Santana - As Years Go By,El Corazon Manda,713,23519583,Rock,1966
Santana,Santana - As Years Go By,Fried Neckbones And Home Fries,638,20939646,Rock,1966
Santana,Santana - As Years Go By,Jingo,592,19736495,Rock,1966
Santana,Santana - As Years Go By,La Puesta Del Sol,628,20614621,Rock,1966
Santana,Santana - As Years Go By,Persuasion,318,10354751,Rock,1966
Santana,Santana - As Years Go By,Santana Jam,882,29207100,Rock,1966
Santana,Santana - As Years Go By,Soul Sacrifice,296,9801120,Rock,1966
Santana,Santana Live,Evil Ways,475,15289235,Rock,1967
Santana,Santana Live,Funky Piano,934,30200730,Rock,1967
Santana,Santana Live,Just Ain't Good Enough,850,27489067,Rock,1967
Santana,Santana Live,Rock Me,94,3037596,Rock,1967
Santana,Santana Live,The Way You Do To Mer,618,20028702,Rock,1967
Santana,Santana Live,We've Got To Get Together/Jingo,1070,34618222,Rock,1967
Smashing Pumpkins,Rotten Apples: Greatest Hits,1979,263,8728470,Alternative & Punk,2001
Smashing Pumpkins,Rotten Apples: Greatest Hits,Ava Adore,261,8590412,Alternative & Punk,2001
Smashing Pumpkins,Rotten Apples: Greatest Hits,Bullet With Butterfly Wings,257,8431747,Alternative & Punk,2001
Smashing Pumpkins,Rotten Apples: Greatest Hits,Cherub Rock,299,9786739,Alternative & Punk,2001
Smashing Pumpkins,Rotten Apples: Greatest Hits,Disarm,198,6508249,Alternative & Punk,2001
Smashing Pumpkins,Rotten Apples: Greatest Hits,Drown,270,8883496,Alternative & Punk,2001
Smashing Pumpkins,Rotten Apples: Greatest Hits,Eye,294,9784201,Alternative & Punk,2001
Smashing Pumpkins,Rotten Apples: Greatest Hits,Landslide,190,6187754,Alternative & Punk,2001
Smashing Pumpkins,Rotten Apples: Greatest Hits,Perfect,203,6734636,Alternative & Punk,2001
Smashing Pumpkins,Rotten Apples: Greatest Hits,Real Love,250,8025896,Alternative & Punk,2001
Smashing Pumpkins,Rotten Apples: Greatest Hits,Rhinocerous,353,11526684,Alternative & Punk,2001
Smashing Pumpkins,Rotten Apples: Greatest Hits,Siva,261,8576622,Alternative & Punk,2001
Smashing Pumpkins,Rotten Apples: Greatest Hits,Stand Inside Your Love,253,8270113,Alternative & Punk,2001
Smashing Pumpkins,Rotten Apples: Greatest Hits,The Everlasting Gaze,242,7844404,Alternative & Punk,2001
Smashing Pumpkins,Rotten Apples: Greatest Hits,Today,202,6596933,Alternative & Punk,2001
Smashing Pumpkins,Rotten Apples: Greatest Hits,Zero,161,5267176,Alternative & Punk,2001
Smashing Pumpkins,Rotten Apples: Greatest Hits,[Untitled],231,7689713,Alternative & Punk,2001
Spyro Gyra,Heart of the Night,As We Sleep,316,10429398,Jazz,1996
Spyro Gyra,Heart of the Night,Believe,310,10317185,Jazz,1996
Spyro Gyra,Heart of the Night,Best Thing,274,9069394,Jazz,1996
Spyro Gyra,Heart of the Night,De La Luz,315,10518284,Jazz,1996
Spyro Gyra,Heart of the Night,Heart of the Night,273,9098263,Jazz,1996
Spyro Gyra,Heart of the Night,J Squared,288,9480777,Jazz,1996
Spyro Gyra,Heart of the Night,Midnight,266,8851060,Jazz,1996
Spyro Gyra,Heart of the Night,Playtime,273,9070880,Jazz,1996
Spyro Gyra,Heart of the Night,Surrender,287,9422926,Jazz,1996
Spyro Gyra,Heart of the Night,Valentino's,296,9848545,Jazz,1996
Spyro Gyra,Heart of the Night,Westwood Moon,295,9765802,Jazz,1996
Spyro Gyra,Heart of the Night,When Evening Falls,298,9863942,Jazz,1996
Spyro Gyra,Morning Dance,End Of Romanticism,320,10553155,Jazz,1979
Spyro Gyra,Morning Dance,Heliopolis,338,11365655,Jazz,1979
Spyro Gyra,Morning Dance,It Doesn't Matter,270,9034177,Jazz,1979
Spyro Gyra,Morning Dance,Jubilee,275,9151846,Jazz,1979
Spyro Gyra,Morning Dance,Little Linda,264,8958743,Jazz,1979
Spyro Gyra,Morning Dance,Morning Dance,238,8101979,Jazz,1979
Spyro Gyra,Morning Dance,Rasul,238,7854737,Jazz,1979
Spyro Gyra,Morning Dance,Song For Lorraine,240,8101723,Jazz,1979
Spyro Gyra,Morning Dance,Starburst,291,9768399,Jazz,1979
Temple of the Dog,Temple of the Dog,All Night Thing,231,3997982,Alternative,1991
Temple of the Dog,Temple of the Dog,Call Me a Dog,304,5177612,Alternative,1991
Temple of the Dog,Temple of the Dog,Four Walled World,414,6964048,Alternative,1991
Temple of the Dog,Temple of the Dog,Hunger Strike,246,4233212,Alternative,1991
Temple of the Dog,Temple of the Dog,Pushin Forward Back,225,3892066,Alternative,1991
Temple of the Dog,Temple of the Dog,Reach Down,672,11157785,Alternative,1991
Temple of the Dog,Temple of the Dog,Say Hello 2 Heaven,384,6477217,Alternative,1991
Temple of the Dog,Temple of the Dog,Times of Trouble,342,5795951,Alternative,1991
Temple of the Dog,Temple of the Dog,Wooden Jesus,250,4302603,Alternative,1991
Temple of the Dog,Temple of the Dog,Your Savior,244,4199626,Alternative,1991
The 12 Cellists of The Berlin Philharmonic,South American Getaway,Adios nonino,289,4781384,Classical,1972
The Black Crowes,Live [Disc 1],Cosmic Fiend,308,10115556,Blues,1987
The Black Crowes,Live [Disc 1],Cursed Diamonds,368,12047978,Blues,1987
The Black Crowes,Live [Disc 1],Girl From A Pawnshop,404,13250848,Blues,1987
The Black Crowes,Live [Disc 1],Greasy Grass River,218,7157045,Blues,1987
The Black Crowes,Live [Disc 1],Midnight From The Inside Out,286,9442157,Blues,1987
The Black Crowes,Live [Disc 1],Miracle To Me,372,12222116,Blues,1987
The Black Crowes,Live [Disc 1],Sometimes Salvation,389,12749424,Blues,1987
The Black Crowes,Live [Disc 1],Sting Me,268,8813561,Blues,1987
The Black Crowes,Live [Disc 1],Thick & Thin,222,7284377,Blues,1987
The Black Crowes,Live [Disc 1],Wiser Time,459,15161907,Blues,1987
The Black Crowes,Live [Disc 2],Black Moon Creeping,359,11740886,Blues,2001
The Black Crowes,Live [Disc 2],Hard To Handle,206,6786304,Blues,2001
The Black Crowes,Live [Disc 2],High Head Blues,371,12227998,Blues,2001
The Black Crowes,Live [Disc 2],Lickin',314,10331216,Blues,2001
The Black Crowes,Live [Disc 2],Remedy,337,11049098,Blues,2001
The Black Crowes,Live [Disc 2],She Talks To Angels,361,11837342,Blues,2001
The Black Crowes,Live [Disc 2],Soul Singing,233,7672489,Blues,2001
The Black Crowes,Live [Disc 2],Title Song,505,16501316,Blues,2001
The Black Crowes,Live [Disc 2],Twice As Hard,275,9008067,Blues,2001
The Doors,The Doors,Alabama Song,200,6563411,Rock,1965
The Doors,The Doors,Back Door Man,214,7035636,Rock,1965
The Doors,The Doors,Break on Through,149,4943144,Rock,1965
The Doors,The Doors,End Of The Night,172,5589732,Rock,1965
The Doors,The Doors,I Looked At You,142,4663988,Rock,1965
The Doors,The Doors,Light My Fire,428,13963351,Rock,1965
The Doors,The Doors,Soul Kitchen,215,7040865,Rock,1965
The Doors,The Doors,Take It As It Comes,137,4512656,Rock,1965
The Doors,The Doors,The Crystal Ship,154,5052658,Rock,1965
The Doors,The Doors,The End,701,22927336,Rock,1965
The Doors,The Doors,Twentienth Century Fox,153,5069211,Rock,1965
The Rolling Stones,No Security,Corinna,257,8449471,Rock,1998
The Rolling Stones,No Security,Flip The Switch,252,8336591,Rock,1998
The Rolling Stones,No Security,Gimmie Shelters,382,12528764,Rock,1998
The Rolling Stones,No Security,Intro,49,1618591,Rock,1998
The Rolling Stones,No Security,Live With Me,234,7709006,Rock,1998
The Rolling Stones,No Security,Memory Motel,365,11982431,Rock,1998
The Rolling Stones,No Security,Out Of Control,479,15749289,Rock,1998
The Rolling Stones,No Security,Respectable,215,7099669,Rock,1998
The Rolling Stones,No Security,Saint Of Me,325,10725160,Rock,1998
The Rolling Stones,No Security,Sister Morphine,376,12345289,Rock,1998
The Rolling Stones,No Security,The Last Time,287,9498758,Rock,1998
The Rolling Stones,No Security,Thief In The Night,337,10952756,Rock,1998
The Rolling Stones,No Security,Wainting On A Friend,302,9978046,Rock,1998
The Rolling Stones,No Security,You Got Me Rocking,205,6734385,Rock,1998
U2,Achtung Baby,Acrobat,270,8824723,Rock,1991
U2,Achtung Baby,Even Better Than The Real Thing,221,7279392,Rock,1991
U2,Achtung Baby,Love Is Blindness,263,8531766,Rock,1991
U2,Achtung Baby,Mysterious Ways,243,8062057,Rock,1991
U2,Achtung Baby,One,276,9158892,Rock,1991
U2,Achtung Baby,So Cruel,349,11527614,Rock,1991
U2,Achtung Baby,The Fly,268,8825399,Rock,1991
U2,Achtung Baby,Tryin' To Throw Your Arms Around The World,232,7612124,Rock,1991
U2,Achtung Baby,Ultraviolet (Light My Way),330,10754631,Rock,1991
U2,Achtung Baby,Until The End Of The World,278,9132485,Rock,1991
U2,Achtung Baby,Who's Gonna Ride Your Wild Horses,316,10304369,Rock,1991
U2,Achtung Baby,Zoo Station,276,9056902,Rock,1991
U2,All That You Can't Leave Behind,Beautiful Day,248,8056723,Rock,2000
U2,All That You Can't Leave Behind,Elevation,227,7479414,Rock,2000
U2,All That You Can't Leave Behind,Grace,330,10877148,Rock,2000
U2,All That You Can't Leave Behind,In A Little While,219,7189647,Rock,2000
U2,All That You Can't Leave Behind,Kite,266,8765761,Rock,2000
U2,All That You Can't Leave Behind,New York,330,10862323,Rock,2000
U2,All That You Can't Leave Behind,Peace On Earth,288,9476171,Rock,2000
U2,All That You Can't Leave Behind,Stuck In A Moment You Can't Get Out Of,272,8997366,Rock,2000
U2,All That You Can't Leave Behind,Walk On,296,9800861,Rock,2000
U2,All That You Can't Leave Behind,When I Look At The World,257,8500491,Rock,2000
U2,All That You Can't Leave Behind,Wild Honey,226,7466069,Rock,2000
U2,How To Dismantle An Atomic Bomb,A Man And A Woman,270,8938285,Rock,2004
U2,How To Dismantle An Atomic Bomb,All Because Of You,219,7198014,Rock,2004
U2,How To Dismantle An Atomic Bomb,City Of Blinding Lights,347,11432026,Rock,2004
U2,How To Dismantle An Atomic Bomb,Crumbs From Your Table,303,9892349,Rock,2004
U2,How To Dismantle An Atomic Bomb,Love And Peace Or Else,290,9476723,Rock,2004
U2,How To Dismantle An Atomic Bomb,Miracle Drug,239,7760916,Rock,2004
U2,How To Dismantle An Atomic Bomb,One Step Closer,231,7512912,Rock,2004
U2,How To Dismantle An Atomic Bomb,Original Of The Species,281,9230041,Rock,2004
U2,How To Dismantle An Atomic Bomb,Sometimes You Can't Make It On Your Own,308,10112863,Rock,2004
U2,How To Dismantle An Atomic Bomb,Vertigo,194,6329502,Rock,2004
U2,How To Dismantle An Atomic Bomb,Yahweh,262,8636998,Rock,2004
U2,Zooropa,Babyface,241,7942573,Rock,1993
U2,Zooropa,Daddy's Gonna Pay For Your Crashed Car,320,10609581,Rock,1993
U2,Zooropa,Dirty Day,324,10652877,Rock,1993
U2,Zooropa,Lemon,418,13988878,Rock,1993
U2,Zooropa,Numb,260,8577861,Rock,1993
U2,Zooropa,Some Days Are Better Than Others,257,8417690,Rock,1993
U2,Zooropa,The First Time,225,7247651,Rock,1993
U2,Zooropa,The Wanderer,283,9258717,Rock,1993
U2,Zooropa,Zooropa,392,12807979,Rock,1993
UB40,UB40 The Best Of - Volume Two [UK],(I Can't Help) Falling In Love With You,207,6905623,Reggae,1978
UB40,UB40 The Best Of - Volume Two [UK],Breakfast In Bed,196,6513325,Reggae,1978
UB40,UB40 The Best Of - Volume Two [UK],Bring Me Your Cup,341,11346114,Reggae,1978
UB40,UB40 The Best Of - Volume Two [UK],C'est La Vie,270,9031661,Reggae,1978
UB40,UB40 The Best Of - Volume Two [UK],Here I Am (Come And Take Me),242,8106249,Reggae,1978
UB40,UB40 The Best Of - Volume Two [UK],Higher Ground,260,8665244,Reggae,1978
UB40,UB40 The Best Of - Volume Two [UK],Homely Girl,203,6790788,Reggae,1978
UB40,UB40 The Best Of - Volume Two [UK],I Would Do For You,334,11193602,Reggae,1978
UB40,UB40 The Best Of - Volume Two [UK],Kingston Town,226,7638236,Reggae,1978
UB40,UB40 The Best Of - Volume Two [UK],Reggae Music,245,8203931,Reggae,1978
UB40,UB40 The Best Of - Volume Two [UK],Superstition,319,10728099,Reggae,1978
UB40,UB40 The Best Of - Volume Two [UK],Until My Dying Day,235,7886195,Reggae,1978
UB40,UB40 The Best Of - Volume Two [UK],Wear You To The Ball,213,7159527,Reggae,1978
UB40,UB40 The Best Of - Volume Two [UK],Where Did I Go Wrong,226,7485054,Reggae,1978
Van Halen,Van Halen,Ain't Talkin' 'Bout Love,230,7617284,Rock,1974
Van Halen,Van Halen,Atomic Punk,182,5908861,Rock,1974
Van Halen,Van Halen,Eruption,102,3286026,Rock,1974
Van Halen,Van Halen,Feel Your Love Tonight,222,7293608,Rock,1974
Van Halen,Van Halen,I'm The One,226,7373922,Rock,1974
Van Halen,Van Halen,Ice Cream Man,200,6573145,Rock,1974
Van Halen,Van Halen,Jamie's Cryin',210,6946086,Rock,1974
Van Halen,Van Halen,Little Dreamer,203,6648122,Rock,1974
Van Halen,Van Halen,On Fire,180,5879235,Rock,1974
Van Halen,Van Halen,Runnin' With The Devil,216,7056863,Rock,1974
Van Halen,Van Halen,You Really Got Me,158,5194092,Rock,1974
Van Halen,Van Halen III,Ballot or the Bullet,342,11212955,Rock,1998
Van Halen,Van Halen III,Dirty Water Dog,327,10709202,Rock,1998
Van Halen,Van Halen III,Fire in the Hole,331,10846768,Rock,1998
Van Halen,Van Halen III,From Afar,324,10524554,Rock,1998
Van Halen,Van Halen III,How Many Say I,363,11716855,Rock,1998
Van Halen,Van Halen III,Josephina,342,11161521,Rock,1998
Van Halen,Van Halen III,Neworld,105,3495897,Rock,1998
Van Halen,Van Halen III,Once,462,15378082,Rock,1998
Van Halen,Van Halen III,One I Want,330,10743970,Rock,1998
Van Halen,Van Halen III,Primary,86,2812555,Rock,1998
Van Halen,Van Halen III,Without You,390,12619558,Rock,1998
Van Halen,Van Halen III,Year to the Day,514,16621333,Rock,1998
